USE [shop_system_electronics]

DELETE FROM ORDER_CUSTOMIZATION;
DELETE FROM BULK_PRICE_TIER;
DELETE FROM BULK_ORDER_DETAILS;
DELETE FROM WISHLIST_ITEM;
DELETE FROM CART_ITEM;
DELETE FROM ORDER_DETAIL;
DELETE FROM stock_transaction_items
DELETE FROM stock_transactions
DELETE FROM payment_transaction
DELETE FROM banners
DELETE FROM daily_statistic
-- Level 2 dependencies
DELETE FROM [ORDER]; -- Must delete before USER_VOUCHER
DELETE FROM USER_VOUCHER; -- Must delete before VOUCHER
DELETE FROM BULK_ORDER;
DELETE FROM WISHLIST;
DELETE FROM SHOPPING_CART;
DELETE FROM REVIEW;

-- Level 1 dependencies
DELETE FROM BRANCH_PRODUCT_STOCK;
DELETE FROM PRODUCT_ATTRIBUTE;
DELETE FROM MEDIA;
DELETE FROM WARRANTY;
DELETE FROM USERS; -- Must delete before COMPANY and [ROLE]
DELETE FROM PRODUCT; -- Must delete after ORDER_DETAIL, etc.

-- Level 0 dependencies (Root nodes)
DELETE FROM VOUCHER;
DELETE FROM ATTRIBUTE;
DELETE FROM STORE_BRANCH;
DELETE FROM SUPPLIER;
DELETE FROM BRAND;
DELETE FROM CATEGORY;
DELETE FROM COMPANY;
DELETE FROM [ROLE];

GO
SET IDENTITY_INSERT [dbo].[supplier] ON

INSERT [dbo].[supplier] ([supplier_id], [address], [contact_person], [email], [phone_number], [supplier_name]) VALUES (4, N'12 Lê Lợi, Q.1, TP.HCM', N'Nguyễn Văn A', N'supply@techviet.vn', N'0901000001', N'Công ty TNHH TechViet')
INSERT [dbo].[supplier] ([supplier_id], [address], [contact_person], [email], [phone_number], [supplier_name]) VALUES (5, N'45 Đinh Tiên Hoàng, Hà Nội', N'Trần Thị B', N'contact@digisource.vn', N'0901000002', N'Công ty CP DigiSource')
INSERT [dbo].[supplier] ([supplier_id], [address], [contact_person], [email], [phone_number], [supplier_name]) VALUES (6, N'78 Nguyễn Huệ, Đà Nẵng', N'Lê Văn C', N'info@smartimport.vn', N'0901000003', N'Công ty TNHH SmartImport')
SET IDENTITY_INSERT [dbo].[supplier] OFF
GO
SET IDENTITY_INSERT [dbo].[brand] ON

INSERT [dbo].[brand] ([brand_id], [brand_name], [country], [description], [image_url], [is_partner], [logo_url]) VALUES (6, N'Apple', N'USA', N'Phụ kiện cao cấp chính hãng Apple', N'https://pub-dd1bef83e9814f348c1ea975cca22e4f.r2.dev/brands/apple.png', 1, N'https://pub-dd1bef83e9814f348c1ea975cca22e4f.r2.dev/elechoshop/others/fa9b7647-1573-4ce7-b712-098e1713815f_apple-logo.png')
INSERT [dbo].[brand] ([brand_id], [brand_name], [country], [description], [image_url], [is_partner], [logo_url]) VALUES (7, N'Samsung', N'Korea', N'Linh kiện và phụ kiện Samsung', N'https://pub-dd1bef83e9814f348c1ea975cca22e4f.r2.dev/brands/samsung.png', 1, N'https://pub-dd1bef83e9814f348c1ea975cca22e4f.r2.dev/elechoshop/others/336cf004-e305-4935-a261-22a74f9259a8_samsung.png')
INSERT [dbo].[brand] ([brand_id], [brand_name], [country], [description], [image_url], [is_partner], [logo_url]) VALUES (8, N'Logitech', N'Switzerland', N'Thiết bị ngoại vi hàng đầu thế giới', N'https://pub-dd1bef83e9814f348c1ea975cca22e4f.r2.dev/brands/logitech.png', 1, N'https://pub-dd1bef83e9814f348c1ea975cca22e4f.r2.dev/elechoshop/others/c02e7c9e-8433-4777-97be-4dd9d0dcbf85_logitech.png')
INSERT [dbo].[brand] ([brand_id], [brand_name], [country], [description], [image_url], [is_partner], [logo_url]) VALUES (9, N'Sony', N'Japan', N'Tập đoàn điện tử Nhật Bản', N'https://pub-dd1bef83e9814f348c1ea975cca22e4f.r2.dev/brands/sony.png', 0, N'https://pub-dd1bef83e9814f348c1ea975cca22e4f.r2.dev/elechoshop/others/db5df473-b40a-4f0b-87a4-704144c34efb_images.png')
INSERT [dbo].[brand] ([brand_id], [brand_name], [country], [description], [image_url], [is_partner], [logo_url]) VALUES (10, N'Razer', N'USA', N'Thương hiệu gaming gear phổ biến', N'https://pub-dd1bef83e9814f348c1ea975cca22e4f.r2.dev/brands/razer.png', 1, N'https://upload.wikimedia.org/wikipedia/en/4/40/Razer_snake_logo.svg')
INSERT [dbo].[brand] ([brand_id], [brand_name], [country], [description], [image_url], [is_partner], [logo_url]) VALUES (11, N'Kingston', N'USA', N'Giải pháp bộ nhớ và lưu trữ', N'https://pub-dd1bef83e9814f348c1ea975cca22e4f.r2.dev/brands/kingston.png', 1, N'https://pub-dd1bef83e9814f348c1ea975cca22e4f.r2.dev/elechoshop/others/c43ba659-7c83-4e24-b1c5-b28793a95fb7_Kingston-logo.jpg')
INSERT [dbo].[brand] ([brand_id], [brand_name], [country], [description], [image_url], [is_partner], [logo_url]) VALUES (12, N'Western Digital', N'USA', N'Sản xuất ổ cứng hàng đầu', N'https://pub-dd1bef83e9814f348c1ea975cca22e4f.r2.dev/brands/wd.png', 1, N'https://pub-dd1bef83e9814f348c1ea975cca22e4f.r2.dev/elechoshop/others/8de6c399-09a5-48af-ab5f-3e2656f3dda8_Western-Digital-Logo-2004.jpg')
INSERT [dbo].[brand] ([brand_id], [brand_name], [country], [description], [image_url], [is_partner], [logo_url]) VALUES (13, N'Aula', N'CHINA', NULL, NULL, NULL, N'https://pub-dd1bef83e9814f348c1ea975cca22e4f.r2.dev/elechoshop/others/ba79174c-adfd-4e99-bd0a-cfe1968fcba4_images_1.png')
INSERT [dbo].[brand] ([brand_id], [brand_name], [country], [description], [image_url], [is_partner], [logo_url]) VALUES (14, N'Asus', N'South Korean', NULL, NULL, NULL, N'https://pub-dd1bef83e9814f348c1ea975cca22e4f.r2.dev/elechoshop/others/12a3f404-78e7-4a88-adde-998d490871cc_1482484060_logo_ASUS-01.jpg')
INSERT [dbo].[brand] ([brand_id], [brand_name], [country], [description], [image_url], [is_partner], [logo_url]) VALUES (15, N'Msi', NULL, NULL, NULL, NULL, N'https://pub-dd1bef83e9814f348c1ea975cca22e4f.r2.dev/elechoshop/others/ec7b6714-9f0d-4c96-a630-71ce503055b2_msi-brand-icon.webp')
INSERT [dbo].[brand] ([brand_id], [brand_name], [country], [description], [image_url], [is_partner], [logo_url]) VALUES (16, N'SanDisk', NULL, NULL, NULL, NULL, N'https://pub-dd1bef83e9814f348c1ea975cca22e4f.r2.dev/elechoshop/others/5239680f-286d-425f-b8d2-45316c0f9c40_abcde_24.webp')
INSERT [dbo].[brand] ([brand_id], [brand_name], [country], [description], [image_url], [is_partner], [logo_url]) VALUES (17, N'JBL', NULL, NULL, NULL, NULL, N'https://pub-dd1bef83e9814f348c1ea975cca22e4f.r2.dev/elechoshop/others/117d719b-421d-4edd-bec7-9a165ebd1ff4_brand-icon-jbl.webp')
SET IDENTITY_INSERT [dbo].[brand] OFF
GO
SET IDENTITY_INSERT [dbo].[category] ON

INSERT [dbo].[category] ([category_id], [category_name], [description], [image_url]) VALUES (7, N'Phụ kiện điện thoại', N'Ốp lưng, sạc, cáp và các phụ kiện cho smartphone', N'https://pub-dd1bef83e9814f348c1ea975cca22e4f.r2.dev/elechoshop/others/fe40adcf-bfee-4a5f-ae8d-e764d6ba35b2_Phone_Accessories.svg')
INSERT [dbo].[category] ([category_id], [category_name], [description], [image_url]) VALUES (8, N'Phụ kiện laptop', N'Chuột, bàn phím, túi chống sốc, hub chuyển đổi', N'https://pub-dd1bef83e9814f348c1ea975cca22e4f.r2.dev/elechoshop/others/e1f46446-3d11-4392-a37d-487b82137959_Laptop_Accessories.svg')
INSERT [dbo].[category] ([category_id], [category_name], [description], [image_url]) VALUES (9, N'Thiết bị âm thanh', N'Tai nghe, loa bluetooth, soundbar', N'https://pub-dd1bef83e9814f348c1ea975cca22e4f.r2.dev/elechoshop/others/9ff57f67-9d37-49f0-89e4-5b1e29b18dac_speaker_478814.png')
INSERT [dbo].[category] ([category_id], [category_name], [description], [image_url]) VALUES (10, N'Phụ kiện gaming', N'Bàn phím cơ, chuột gaming, lót chuột, headphone', N'https://pub-dd1bef83e9814f348c1ea975cca22e4f.r2.dev/elechoshop/others/62f8459f-2d7e-4206-91ea-6a39fbbacd17_game-controller.png')
INSERT [dbo].[category] ([category_id], [category_name], [description], [image_url]) VALUES (11, N'Thiết bị lưu trữ', N'Ổ cứng SSD, HDD, USB, thẻ nhớ', N'https://pub-dd1bef83e9814f348c1ea975cca22e4f.r2.dev/elechoshop/others/d7aae0f0-9eed-46de-81ed-ec78279b8bcd_ssd.png')
SET IDENTITY_INSERT [dbo].[category] OFF
GO
SET IDENTITY_INSERT [dbo].[product] ON

INSERT [dbo].[product] ([product_id], [created_date], [description], [description_details], [discount_percent], [main_image], [original_price], [price], [product_name], [rating], [sold_count], [status], [brand_id], [category_id], [supplier_id]) VALUES (16, CAST(N'2025-01-10T08:00:00.0000000' AS DateTime2), N'Ốp lưng bảo vệ cao cấp chính hãng Apple', N'<p><strong>Đặc điểm nổi bật</strong></p>
<ul>
 <li>
  <p>Thiết kế thời thượng, kết cấu&nbsp;<a href="https://www.thegioididong.com/op-lung-flipcover" title="Tham khảo các mẫu ốp lưng tại Thế Giới Di Động">ốp lưng</a>&nbsp;gọn đẹp, lựa chọn dành cho mọi lứa tuổi.</p></li>
 <li>
  <p>Chế tác các nút bấm trơn tru, không bị ảnh hưởng khi dùng&nbsp;<a href="https://www.thegioididong.com/op-lung-flipcover-cho-iphone-15-pro" title="Tham khảo các mẫu ốp lưng iPhone 15 Pro tại Thế Giới Di Động">ốp lưng iPhone 15 Pro</a>.</p></li>
 <li>
  <p><a href="https://www.thegioididong.com/op-lung-flipcover-apple" title="Tham khảo các mẫu ốp lưng Apple tại Thế Giới Di Động">Ốp lưng Apple</a>&nbsp;chế tác từ vải tinh dệt sang trọng, duy trì độ bền lâu dài.&nbsp;</p></li>
 <li>
  <p>Tương thích với sạc MagSafe giúp bổ sung năng lượng hiệu quả mà không cần gỡ ốp khi sạc không dây.&nbsp;</p></li>
 <li>
  <p>Kích thước tuân thủ thiết kế <a href="https://www.thegioididong.com/dtdd/iphone-15-pro" title="Xem thêm iPhone 15 Pro tại Thế Giới Di Động">iPhone 15 Pro</a>, ôm khít và giữ máy an toàn khi trải nghiệm,&nbsp;cung cấp một lớp bảo vệ an toàn và gia tăng sự tiện lợi, cho phép bạn phát huy tối đa tiềm năng của <a href="https://www.thegioididong.com/dtdd-apple-iphone-15-series" title="Xem thêm iPhone 15 series tại Thế Giới Di Động">iPhone 15</a>.</p></li>
 <li>
  <p><strong>Lưu ý: Thanh toán trước khi mở seal.</strong></p></li>
</ul>
<p></p>', 18, N'https://pub-dd1bef83e9814f348c1ea975cca22e4f.r2.dev/elechoshop/others/b1bd381e-6d0c-4e38-88eb-50b0fa6781ba_op-lung-magsafe-iphone-15-pro-vai-tinh-det-apple-mt4h3-tim-3-750x500.jpg', CAST(1590000.00 AS Numeric(38, 2)), CAST(1303800.00 AS Numeric(38, 2)), N'Ốp lưng MagSafe iPhone 15 Pro', 4.9, 500, N'AVAILABLE', 6, 7, 4)
INSERT [dbo].[product] ([product_id], [created_date], [description], [description_details], [discount_percent], [main_image], [original_price], [price], [product_name], [rating], [sold_count], [status], [brand_id], [category_id], [supplier_id]) VALUES (17, CAST(N'2025-01-15T09:00:00.0000000' AS DateTime2), N'Sạc nhanh chính hãng Samsung cho Galaxy S24', N'<h2><strong>Củ sạc nhanh Type-C Samsung T4510 45W - Tối ưu thời gian, sạc nhanh an toàn</strong></h2>
<p><strong>Củ sạc siêu nhanh Samsung 45W T4510 là lựa chọn lý tưởng để duy trì hiệu suất hoạt động ổn định cho các thiết bị điện tử. Mẫu của sạc Samsung 45W này còn được trang bị kèm cáp USB-C to USB-C để mang tới sự tiện lợi trong quá trình sử dụng.</strong></p>
<h3><strong>Hỗ trợ sạc nhanh 45W, tương thích đa dạng</strong></h3>
<p><strong>Củ sạc nhanh Type-C Samsung T4510 45W sở hữu công suất nguồn lớn sẽ là người bạn đồng hành giúp tối ưu thời gian nạp năng lượng cho các thiết bị. Sản phẩm được thiết kế để có thể đồng bộ và mang tới công suất sạc tối đa cho các thiết bị Samsung Galaxy.</strong></p>
<p><strong><img src="https://cdn2.cellphones.com.vn/insecure/rs:fill:0:0/q:100/plain/https://cellphones.com.vn/media/wysiwyg/phu-kien/cu-sac/Samsung/Cu-sac-nhanh-type-c-samssung-t4510-45w-1.jpg" alt="Củ sạc nhanh Type-C Samsung T4510 45W - Tối ưu thời gian, sạc nhanh an toàn"></strong></p>
<p><strong>Ngoài ra, mẫu củ sạc Samsung 45W này còn tương thích với đa dạng các chuẩn sạc Super Fast Charging 2.0, PD 3.0 PDO/PPS. Với chuẩn PDO, sản phẩm hỗ trợ điện áp đầu ra 9V, 15V và 20V. Còn chuẩn PPS cho phép điện áp linh hoạt, dao động từ 5V đến 20V.</strong></p>
<p><strong>Điều này giúp sản phẩm phù hợp để sử dụng cùng nhiều dòng smartphone, tablet, tai nghe, máy chơi game, camera,...hỗ trợ USB-C. Nhờ đó, người dùng có thể giảm bớt phụ kiện mang theo và tối ưu không gian lưu trữ khi di chuyển.</strong></p>
<p><strong><img src="https://cdn2.cellphones.com.vn/insecure/rs:fill:0:0/q:100/plain/https://cellphones.com.vn/media/wysiwyg/phu-kien/cu-sac/Samsung/Cu-sac-nhanh-type-c-samssung-t4510-45w-2.jpg" alt="Củ sạc nhanh Type-C Samsung T4510 45W - Tối ưu thời gian, sạc nhanh an toàn"></strong></p>
<p><strong>Không chỉ tương thích với đa thiết bị, củ sạc siêu nhanh Samsung 45W này còn phù hợp với nhiều nguồn điện. Với tiêu chuẩn nguồn điện vào 100 - 240V, sản phẩm sẽ có thể sử dụng ở nhiều nơi, rất phù hợp để mang theo trong các chuyến du lịch, công tác.</strong></p>
<h3><strong>Thiết kế nhỏ nhẹ và nổi bật, tích hợp cáp tiện lợi</strong></h3>
<p><strong>Tuy có công suất đầu ra lớn nhưng củ sạc nhanh Type-C Samsung T4510 45W vẫn đảm bảo được tính tiện lợi. Sản phẩm sở hữu thiết kế nhỏ gọn, có thể tiện lợi cầm gọn trong tay hay lưu trữ với kích thước chỉ ở mức 43.5 x 81.8 x 28mm. Trọng lượng 92.5g giúp mẫu củ sạc Samsung 45W này không gặp khó khăn khi cần mang theo trong các chuyến đi.</strong></p>
<p><strong><img src="https://cdn2.cellphones.com.vn/insecure/rs:fill:0:0/q:100/plain/https://cellphones.com.vn/media/wysiwyg/phu-kien/cu-sac/Samsung/Cu-sac-nhanh-type-c-samssung-t4510-45w-3.jpg" alt="Thiết kế nhỏ nhẹ và nổi bật, tích hợp cáp tiện lợi"></strong></p>
<p><strong>Tông màu đen giúp củ sạc Samsung 45W nổi bật và thu hút. Đồng thời, màu sắc này cũng giúp người dùng dễ nhận biết, hạn chế việc bỏ quên. Nhờ việc sử dụng vật liệu tái chế, sản phẩm còn đồng thời thể hiện được trách nhiệm của Samsung với cộng đồng người dùng và môi trường.</strong></p>
<p><strong>Củ sạc còn được thiết kế với chân cắm dạng tròn để phù hợp với tiêu chuẩn phích cắm điện của nhiều nước. Đồng thời, chân cắm tròn này giúp việc cắm sạc dễ dàng hơn cũng như hạn chế tình trạng chập điện khi tiếp xúc ổ cắm so với chân cắm dạng dẹt.</strong></p>
<p><strong><img src="https://cdn2.cellphones.com.vn/insecure/rs:fill:0:0/q:100/plain/https://cellphones.com.vn/media/wysiwyg/phu-kien/cu-sac/Samsung/Cu-sac-nhanh-type-c-samssung-t4510-45w-4.jpg" alt="Thiết kế nhỏ nhẹ và nổi bật, tích hợp cáp tiện lợi"></strong></p>
<p><strong>Cổng sạc Type-C có độ tương thích cao với hầu hết các loại cáp hiện nay trên thị trường. Ngoài ra, Samsung còn trang bị cho sản phẩm một dây cáp USB-C to USB-C 5A có độ dài 1.8m. Với độ dài này, người dùng sẽ tiện lợi mang theo cả củ sạc lẫn cáp theo bên mình mà không có bất kỳ sự bất tiện nào.</strong></p>
<h3><strong>Nâng cao tính an toàn xuyên suốt quá trình sạc</strong></h3>
<p><strong>Không chỉ mang tới tốc độ sạc nhanh, củ sạc nhanh Type-C Samsung T4510 45W còn sẽ đảm bảo được sự an toàn cho người dùng và thiết bị. Mẫu củ sạc siêu nhanh Samsung 45W này sẽ bảo vệ thiết bị hiệu quả khỏi nhiệt lượng được tạo ra từ quá trình sạc nhanh với tính năng chống quá nhiệt.</strong></p>
<p><strong><img src="https://cdn2.cellphones.com.vn/insecure/rs:fill:0:0/q:100/plain/https://cellphones.com.vn/media/wysiwyg/phu-kien/cu-sac/Samsung/Cu-sac-nhanh-type-c-samssung-t4510-45w-5.jpg" alt="Nâng cao tính an toàn xuyên suốt quá trình sạc"></strong></p>
<p><strong>Samsung còn đồng thời tích hợp các cơ chế chống quá dòng, chống đoản mạch cho mẫu củ sạc này. Điều này sẽ hạn chế tối đa chập cháy thiết bị do các tình trạng viên pin quá tải, dòng điện không ổn định,...Nhờ vậy mà người dùng cũng sẽ có thể loại bỏ những lo lắng để có được trải nghiệm sạc an toàn.</strong></p>
<h3><strong>Công nghệ IC thông minh giúp tiết kiệm điện năng ở chế độ chờ.</strong></h3>
<p><strong>Củ sạc nhanh Type-C Samsung T4510 45W còn tự hào khi sở hữu mức tiêu thụ điện năng thấp. Cụ thể, điện năng mà củ sạc nhanh Samsung 45W này tiêu thụ ở chế độ chờ chỉ dưới 5mW. Điều này có được là nhờ công nghệ IC thông minh mà Samsung tích hợp trên sản phẩm giúp giảm lượng điện năng dự phòng trong thời gian chờ không cần thiết.</strong></p>
<p><strong><img src="https://cdn2.cellphones.com.vn/insecure/rs:fill:0:0/q:100/plain/https://cellphones.com.vn/media/wysiwyg/phu-kien/cu-sac/Samsung/Cu-sac-nhanh-type-c-samssung-t4510-45w-6.jpg" alt="Công nghệ IC thông minh giúp tiết kiệm điện năng ở chế độ chờ."></strong></p>
<p><strong>Nhờ đó, phiên bản củ sạc nhanh Samsung 45W chính hãng này sẽ góp phần làm giảm hóa đơn tiền điện hàng tháng. Đồng thời, việc tích trữ điện năng dự phòng thấp hơn cũng làm giảm tích tụ nhiệt lượng bên trong củ sạc khi không sử dụng. Từ đó, tính năng này còn giúp hạn chế các tai nạn do quá nhiệt, chập điện khi vô tình cắm sạc trong thời gian dài.</strong></p>
<h2><strong>Mua củ sạc nhanh Type-C Samsung T4510 45W giá tốt tại CellphoneS</strong></h2>
<p><strong>Củ sạc nhanh Type-C Samsung T4510 45W đã có thể tìm mua tại các cửa hàng CellphoneS ở nhiều tỉnh, thành phố. Mẫu củ sạc Samsung 45W này còn nhận được ưu đãi giảm giá tới từ các chương trình khuyến mãi, chiết khấu dành cho S-Student, S-Teacher, Smember,...</strong></p>
<p><strong>Sản phẩm được bảo hành chính hãng từ Samsung, đảm bảo chất lượng và yên tâm khi sử dụng. Kèm theo đó là hỗ trợ giao hàng tận nhà, giúp tối ưu trải nghiệm mua sắm của khách hàng.</strong></p>', 14, N'https://pub-dd1bef83e9814f348c1ea975cca22e4f.r2.dev/elechoshop/others/3b4a2183-29b6-4a25-badc-f874f11539d2_5_1_1.webp', CAST(990000.00 AS Numeric(38, 2)), CAST(851400.00 AS Numeric(38, 2)), N'Sạc nhanh Samsung 45W Type-C', 4.8, 800, N'AVAILABLE', 7, 7, 5)
INSERT [dbo].[product] ([product_id], [created_date], [description], [description_details], [discount_percent], [main_image], [original_price], [price], [product_name], [rating], [sold_count], [status], [brand_id], [category_id], [supplier_id]) VALUES (18, CAST(N'2025-01-20T08:00:00.0000000' AS DateTime2), N'Chuột công thái học cao cấp cho văn phòng', N'<h2><strong>Chuột Logitech MX Master 3S - Nhỏ gọn, cuộn siêu nhanh</strong></h2>
<p><strong>Chuột không dây Logitech MX Master 3S mang đến kiểu dáng công thái học, giúp sử dụng thoải mái khi được nâng đỡ cả bàn tay. Phụ kiện </strong><a href="https://cellphones.com.vn/phu-kien/chuot-ban-phim-may-tinh/chuot/logitech.html" title="Chuột Logitech"><strong>chuột Logitech</strong></a><strong> có khả năng sử dụng mượt mà trên nhiều bề mặt, đem lại phản hồi trực quan và vô cùng yên tĩnh khi nhấp chuột.</strong></p>
<h3><strong>Kiểu dáng MX Master 3S độc đáo, mượt mà trên mọi bề mặt</strong></h3>
<p><strong>MX Master 3S sở hữu thiết kế được làm khá đẹp mắt với những đường nét tỉ mỉ và gọn gàng. Đồng thời, kiểu dáng </strong><a href="https://cellphones.com.vn/phu-kien/chuot-ban-phim-may-tinh/chuot/chuot-cong-thai-hoc.html" title="Chuột công thái học giá rẻ"><strong>chuột công thái học</strong></a><strong> cũng giúp tay bạn được nâng đỡ và dùng thêm thoải mái để trải nghiệm lâu dài với góc nghiêng độc đáo của chuột.</strong></p>
<p><strong><img src="https://cdn2.cellphones.com.vn/insecure/rs:fill:0:0/q:100/plain/https://cellphones.com.vn/media/wysiwyg/phu-kien/chuot/chuot-khong-day/Logitech/chuot-khong-day-logitech-mx-master-3s-1.jpg" alt="Chuột không dây Logitech MX Master 3S"></strong></p>
<p><a href="https://cellphones.com.vn/chuot-khong-day-logitech-mx-master-3s.html" title="Logitech MX Master 3S"><strong>Logitech MX Master 3S</strong></a><strong> có kích thước nhỏ gọn và trọng lượng nhẹ với nút cuộn chuyển động theo ngón tay người dùng. Với độ phân giải cảm biến quang học lên đến 8000 DPI, chuột hoàn toàn có thể sử dụng mượt mà trên mọi bề mặt.</strong></p>
<h3><strong>Tích hợp chức năng cuộn siêu nhanh, sạc nhanh dùng lâu</strong></h3>
<p><strong>Chuột không dây MX Master 3S Logitech&nbsp;có khả năng cuộn được 1000 dòng trên giây do được tích hợp tính năng cuộn điện từ MagSpeed. Nút cuộn còn được làm từ vật liệu cứng cáp với độ nhám nhẹ nên khi dùng không hề gây ra tiếng ồn.&nbsp;</strong></p>
<p><strong><img src="https://cdn2.cellphones.com.vn/insecure/rs:fill:0:0/q:100/plain/https://cellphones.com.vn/media/wysiwyg/phu-kien/chuot/chuot-khong-day/Logitech/chuot-khong-day-logitech-mx-master-3s-2.jpg" alt="Chuột không dây Logitech MX Master 3S"></strong></p>
<p><strong>Bên cạnh đó, sau khi được sạc đầy, chuột MX Master 3S có khả năng sử dụng lên tới 70 ngày. Đồng thời, với kết nối Bluetooth, thiết bị có thể tương thích với tất cả các hệ điều hành chính ngay sau khi lấy ra khỏi hộp.</strong></p>', 16, N'https://pub-dd1bef83e9814f348c1ea975cca22e4f.r2.dev/elechoshop/others/ca6c422d-32f0-4ea7-a127-a322bf1e4029_5_235.webp', CAST(2990000.00 AS Numeric(38, 2)), CAST(2511600.00 AS Numeric(38, 2)), N'Chuột Logitech MX Master 3S', 4.9, 350, N'AVAILABLE', 8, 8, 4)
INSERT [dbo].[product] ([product_id], [created_date], [description], [description_details], [discount_percent], [main_image], [original_price], [price], [product_name], [rating], [sold_count], [status], [brand_id], [category_id], [supplier_id]) VALUES (19, CAST(N'2025-02-10T09:00:00.0000000' AS DateTime2), N'Bàn phím Bluetooth đa thiết bị nhỏ gọn', N'<h2><strong>Bàn phím Logitech K380 – bàn phím không dây hỗ trợ đắc lực cho công việc trong văn phòng</strong></h2>
<p><strong>Logitech K380 là </strong><a href="https://cellphones.com.vn/phu-kien/chuot-ban-phim-may-tinh/ban-phim/ban-phim-khong-day.html"><strong>bàn phím không dây</strong></a><strong>&nbsp;cho phép kết nối đồng thời cùng lúc đến 3 thiết bị sử dụng các hệ điều hành khác nhau hoặc cùng 1 hệ điều hành. Mang đến công cụ làm việc tiện lợi, hỗ trợ cho công việc trong văn phòng của người dùng trở nên thoải mái với công nghệ bàn phím của Logitech.</strong></p>
<h3><strong>Nút phím tròn mỏng, gõ êm tay, chính xác, nặng 423g</strong></h3>
<p><strong>Với sản phẩm </strong><a href="https://cellphones.com.vn/phu-kien/chuot-ban-phim-may-tinh/ban-phim/logitech.html" title="Bàn phím không dây Logitech"><strong>bàn phím không dây Logitech</strong></a><strong>&nbsp;này sở hữu kích thước 279 x 124 x 16 mm có trọng lượng 423g đáp ứng mọi nhu cầu di chuyển của người dùng, cùng với thiết kế độc đáo, lạ mắt tạo phong cách mới mẻ so với các bàn phím thông thường. Bàn phím được thiết kế với 2 tông màu xanh hoặc đen giúp cho người dùng có thể lựa chọn tông màu phù hợp.</strong></p>
<p><strong><img src="https://cdn2.cellphones.com.vn/insecure/rs:fill:0:0/q:100/plain/https://cellphones.com.vn/media/wysiwyg/accessories/Logitech-Bluetooth-K380-1.jpg" alt="Nút phím tròn mỏng, gõ êm tay, chính xác, nặng 423g"></strong></p>
<p><strong>Bàn phím </strong><a href="https://cellphones.com.vn/ban-phim-bluetooth-logitech-k380.html" title="Logitech K380"><strong>Logitech K380</strong></a><strong> được thiết kế với các nút phím tròn mỏng, lạ mắt đem lại cảm giác thích thú cho người dùng khi sử dụng. Các phím tròn được thiết kế hơi lõm xuống ở phần bề mặt giúp cho người dùng có thể cảm nhận chính xác phím đã nhấn. Tuy nhiên, thiết kế bàn phím này có nhược điểm là các phím được đặt cách nhau riêng biệt, người dùng có thể bấm nhấm vào các khoảng trống ngăn cách giữa các nút gây ảnh hưởng đến tốc độ đánh máy. Nhưng chỉ cần một thời gian làm quen với bàn phím, người dùng sẽ không còn bị bỡ ngỡ như những lần sử dụng đầu tiên.</strong></p>
<h3><strong>Kết nối cùng lúc 3 thiết bị, đa dạng hệ điều hành, khoảng cách đến 10m</strong></h3>
<p><strong>Bàn phím Logitech K380 sử dụng kết nối Bluetooth 3.0 với khoảng cách kết nối lên đến 10 m giúp cho người dùng có thể thoải mái kết nối đến với các thiết bị ở mọi vị trí trong phạm vi kết nối. Ngoài ra, bàn phím còn có khả năng kết nối với 3 thiết bị cùng lúc và có thể dễ dàng chuyển đổi qua lại giữa các kết nối chỉ bằng tổ hợp phín fn + F1/F2/F3 mang đến cho người dùng khả năng chuyển đổi linh hoạt vượt trội.</strong></p>
<p><strong><img src="https://cdn2.cellphones.com.vn/insecure/rs:fill:0:0/q:100/plain/https://cellphones.com.vn/media/wysiwyg/accessories/Logitech-Bluetooth-K380-2.jpg" alt="Kết nối cùng lúc 3 thiết bị, đa dạng hệ điều hành, khoảng cách đến 10m"></strong></p>
<p><strong>Hơn nữa, bàn phím còn hỗ trợ cho đa dạng hệ điều hành như Windows, Mac, iOS, Chrome OS, Android giúp cho người dùng có thể thoải mái sử dụng bàn phím cho đa dạng các thiết bị như smartphone, máy tính bảng, OC, laptop.</strong></p>
<p><strong>Xem thêm:&nbsp;</strong><a href="https://cellphones.com.vn/ban-phim-khong-day-logitech-k400-plus.html" title="logitech k400 plus"><strong>Bàn Phím Không Dây Logitech K400 Plus</strong></a></p>
<h3><strong>2 viên pin AAA sử dụng đến 2 năm</strong></h3>
<p><strong>Bàn phím Logitech K380 còn được đi kèm với 2 cục pin năng lượng AAA kiềm có tuổi thọ lên đến 2 năm được lắp sẵn giúp cho người dùng có thể yên tâm, thoải mái sử dụng bàn phím mà không phải lo ngại đến các vấn đề liên quan đến năng lượng.</strong></p>
<p><strong><img src="https://cdn2.cellphones.com.vn/insecure/rs:fill:0:0/q:100/plain/https://cellphones.com.vn/media/wysiwyg/accessories/Logitech-Bluetooth-K380-3.jpg" alt="2 viên pin AAA sử dụng đến 2 năm"></strong></p>
<p><strong>Theo giới thiệu của hãng, tuổi thọ pin bàn phím được tính toán dựa trên mức ước tính 2 triệu lần nhấn phím/năm trong môi trường công sở. Trải nghiệm người dùng có thể khác nhau.</strong></p>
<h3><strong>Mua bàn phím Logitech K380 giá rẻ chính hãng tại CellPhoneS</strong></h3>
<p><strong>Hiện tại bàn phím không dây Logitech K380 đang được hệ thống bán lẻ điện thoại và phụ kiện CellphoneS bán với mức giá vô cùng hấp dẫn với nhiều ưu đãi cho khách hàng. Sản phẩm còn được CellphoneS bảo hành với chính sách 1 đổi 1 lên đến 12 tháng. CellphoneS cũng hỗ trợ khách hàng dịch vụ mua hàng trực tuyến và dịch vụ miễn phí giao hàng thu tiền cho các khách hàng ở xa.</strong></p>', 18, N'https://pub-dd1bef83e9814f348c1ea975cca22e4f.r2.dev/elechoshop/others/c88fccd8-4bf7-4c09-9239-1eee8a79dad0_k380-multi-device-bluetooth-keyboard.webp', CAST(1090000.00 AS Numeric(38, 2)), CAST(893800.00 AS Numeric(38, 2)), N'Bàn phím không dây Logitech K380', 4.7, 600, N'AVAILABLE', 8, 8, 5)
INSERT [dbo].[product] ([product_id], [created_date], [description], [description_details], [discount_percent], [main_image], [original_price], [price], [product_name], [rating], [sold_count], [status], [brand_id], [category_id], [supplier_id]) VALUES (20, CAST(N'2025-01-05T08:00:00.0000000' AS DateTime2), N'Tai nghe chống ồn hàng đầu thế giới', N'<h2><strong>Tai nghe Sony WH-1000XM5 - Chống ồn dịu tai, sử dụng thoải mái</strong></h2>
<p><strong>Sony WH-1000XM5&nbsp;với thiết kế chống ồn dòng cao cấp, được trang bị bộ xử lý QN1. Đây là một trong những tai nghe chụp tai tốt trong phân khúc chống ồn chủ động.</strong></p>
<h3><strong>Thiết kế đẹp mắt, cá tính và có tính năng hạn chế chống ồn dịu tai</strong></h3>
<p><strong>Tai nghe sở hữu thiết kế kiểu choàng đầu phong cách cá tính. Khi không sử dụng, bạn có thể gấp gọn lại và thuận tiện cho bạn mang theo trong công việc hay bất cứ nơi đâu. Đặc biệt, bao bì tai nghe không sử dụng nhựa thay vào đó là các vật liệu tái chế an toàn cho môi trường.</strong></p>
<p><strong>Chiếc tai nghe </strong><a href="https://cellphones.com.vn/tai-nghe-chup-tai-sony-wh-1000xm5.html"><strong>WH-1000XM5</strong></a><strong> này đẹp bắt mắt về kiểu dáng, tốt về chất lượng với lớp vỏ được bao bọc bằng nhựa cứng chắc, mượt mà, không hề thô cứng cùng với miếng đệm tai nghe bằng da màu đen sang trọng và tạo cảm giác êm ái. Đệm tai được hoàn thiện từ da mềm cùng thiết kế ôm khít đầu nhưng không hề gây áp lực lên đôi tai.</strong></p>
<p><strong><img src="https://cdn2.cellphones.com.vn/insecure/rs:fill:0:0/q:100/plain/https://cellphones.com.vn/media/wysiwyg/Tai-nghe/Sony/Sony-WH-1000XM5-1.jpg" alt="Tai nghe Sony WH-1000XM5 - Chống ồn dịu tai, sử dụng thoải mái"></strong></p>
<p><strong>Ngoài ra còn được trang bị tính năng chống ồn cao, ngăn chặn mọi âm thanh bên ngoài kèm với đó là chụp tai bao quát rộng và thoải mái giúp bạn đắm chìm trong thế giới âm nhạc của riêng mình. Chỉ cần bạn kích hoạt chế độ chống ồn, tai nghe sẽ nhanh chóng làm lắng dịu âm thanh từ môi trường xung quanh của bạn.</strong></p>
<p><strong>&gt;&gt;&gt; Xem thêm tai nghe </strong><a href="https://cellphones.com.vn/tai-nghe-chup-tai-sony-wh-1000xm6.html"><strong>Sony WH-1000xm6</strong></a><strong> chính hãng, giá tốt tại CellphoneS.</strong></p>
<h3><strong>Chuẩn âm thanh Hi-Res Audio và âm thanh rõ nét trung thực</strong></h3>
<p><strong>Sony WH-1000XM5 được trang bị bộ màn loa kích thước lớn đến 30 mm cùng phần rìa hỗ trợ tăng cường khả năng chống ồn. Bên cạnh đó là vật liệu&nbsp;composite sợi carbon nhẹ cùng vòng cứng giúp cải thiện độ rõ của âm thanh, đặc biệt là dải âm ở tần số cao.&nbsp;</strong></p>
<p><strong>Tai nghe Sony WH-1000XM5 đạt chuẩn âm thanh chất lượng cao Hi-Res Audio, cho bạn thưởng thức âm thanh rõ nét hơn, với chất lượng tuyệt vời không khác gì phòng thu. Bên cạnh đó với Extra Bass, tai nghe cho ra âm thanh chân thực với âm trầm sâu và âm bổng thanh trong.</strong></p>
<p><strong><img src="https://cdn2.cellphones.com.vn/insecure/rs:fill:0:0/q:100/plain/https://cellphones.com.vn/media/wysiwyg/Tai-nghe/Sony/Sony-WH-1000XM5-3.jpg" alt="Tai nghe Sony WH-1000XM5 - Chống ồn dịu tai, sử dụng thoải mái"></strong></p>
<p><strong>Ngoài ra tai nghe còn được hỗ trợ kết nối Bluetooth tích hợp NFC. Công nghệ LDAC truyền tải âm thanh rõ nét không dây chất lượng cao. Công nghệ DSEE HX, S-Master HX giúp khôi phục các âm thanh thuộc nhiều dải tần cao bị mất trong quá trình bạn nén, tạo ra các tệp nhạc kỹ thuật số với âm thanh phong phú và tự nhiên.</strong></p>
<h3><strong>Bốn micro tiện dụng, pin dung lượng lớn</strong></h3>
<p><strong>Sony WH-1000XM5 được trang bị tới 4 micro thiết kế dạng chùm với thiết kế được tinh chỉnh hỗ trợ thu nhận giọng nói của người dùng tốt hơn. Bên cạnh đó là công nghệ AI với thuật toán giảm tiếng ồn dựa trên 500 mẫu giọng khác nhau.&nbsp;Nhờ đó tai nghe mang lại khả năng đàm thoại rõ nét, kể cả ở nơi có nhiều tạp âm.</strong></p>
<p><strong>Ngoài ra, khi người dùng bắt đầu đàm thoại, chế độ&nbsp;Speak-to-Chat sẽ tự động dừng nhạc, tính năng tiện lợi cho những cuộc trò chuyện rảnh tay.</strong></p>
<p><strong><img src="https://cdn2.cellphones.com.vn/insecure/rs:fill:0:0/q:100/plain/https://cellphones.com.vn/media/wysiwyg/Tai-nghe/Sony/Sony-WH-1000XM5-2.jpg" alt="Tai nghe Sony WH-1000XM5 - Chống ồn dịu tai, sử dụng thoải mái"></strong></p>
<p><strong>Tai nghe&nbsp;Sony WH-1000XM5 được trang bị viên pin lớn cho thời gian sử dụng lên đến 30 giờ, nhờ đó thích hợp sử dụng cả trong những chuyến đi xa. Ngoài ra, trong trường hợp khẩn cấp tai nghe còn đáp ứng với công nghệ sạc nhanh thông qua bộ chuyển đổi AC&nbsp;USB-PD.</strong></p>
<h2><strong>Mua tai nghe Sony WH-1000XM5 giá rẻ, ưu đãi tốt tại CellphoneS</strong></h2>
<p><strong>Tại hệ thống luôn đảm bảo với quý khách hàng từ chất lượng cho đến dịch vụ chăm sóc sẽ khiến khách hàng hài lòng. Sản phẩm uy tín, chất lượng, nguồn gốc xuất xứ rõ ràng. Tai nghe Sony Wh-1000XM5 chính hãng sẽ là lựa chọn tuyệt vời dành cho bạn trong năm 2022.</strong></p>', 10, N'https://pub-dd1bef83e9814f348c1ea975cca22e4f.r2.dev/elechoshop/others/d1c861c0-1561-4124-8150-1c768deaf628_tai-nghe-chup-tai-sony-wh-1000xm5-4.webp', CAST(9990000.00 AS Numeric(38, 2)), CAST(8991000.00 AS Numeric(38, 2)), N'Tai nghe Sony WH-1000XM5', 4.9, 450, N'AVAILABLE', 9, 9, 4)
INSERT [dbo].[product] ([product_id], [created_date], [description], [description_details], [discount_percent], [main_image], [original_price], [price], [product_name], [rating], [sold_count], [status], [brand_id], [category_id], [supplier_id]) VALUES (21, CAST(N'2025-02-20T09:00:00.0000000' AS DateTime2), N'Loa Bluetooth di động âm thanh mạnh mẽ', N'<h2><strong>Loa Marshall Emberton II – Thiết kế cá tính, nhỏ gọn</strong></h2>
<p><strong>Marshall Emberton 2&nbsp;là một trong những sản phẩm loa được thiết kế nhỏ nhất đến từ thương hiệu Emberton. Nhưng, thiết kế nhỏ nhắn này lại mang đến cho sản phẩm cá tính và tiện lợi.</strong></p>
<h3><strong>Khuấy động mọi không gian âm thanh công suất 20W</strong></h3>
<p><strong>Loa Bluetooth Marshall Emberton II có mức công suất hoạt động 20W từ 2 bộ driver mạnh mẽ. Do đó dù nhỏ gọn nhưng sản phẩm vẫn đủ sức khuấy động mọi không gian với chất âm lớn vượt trội. Đặc biệt, nếu người dùng kết nối hai thiết bị cùng lúc nhờ Stack mode, âm thanh càng trở nên sống động hơn.</strong></p>
<p><strong><img src="https://cdn2.cellphones.com.vn/insecure/rs:fill:0:0/q:100/plain/https://cellphones.com.vn/media/wysiwyg/Loa/Marshall/loa-bluetooth-marshall-emberton-ii-1.jpg" alt="Âm thanh loa Marshall Emberton II"></strong></p>
<p><strong>Kèm theo công suất lớn đó là công nghệ âm True Stereophonic từ Marshall. Điều này đã giúp Marshall Emberton II tạo ra âm thanh đa hướng 360 độ. Nhờ vậy, người dùng sẽ dễ dàng tận hưởng âm thanh sôi động nhưng vẫn có được độ rõ ràng từ hai trình điều khiển. Từ đó, rock, pop, jazz đến EDM, loa đều có thể tự tin mang lại cho người dùng những trải nghiệm âm nhạc cực trọn vẹn.</strong></p>
<h3><strong>Chiếc loa với thiết kế nhỏ, cá tính</strong></h3>
<p><strong>Là một trong những phiên bản nhỏ nhất của Marshall Emberton. Loa bluetooth&nbsp;</strong><a href="https://cellphones.com.vn/loa-bluetooth-marshall-emberton-ii.html"><strong>Marshall Emberton II</strong></a><strong> có kích thước nhỏ gọn cùng trọng lượng siêu nhẹ nên có thể cầm nắm, mang theo một cách dễ dàng. Với kích thước và cân nặng này, chiếc loa sẵn sàng cùng bạn đi bất cứ nơi đâu.</strong></p>
<p><strong><img src="https://cdn2.cellphones.com.vn/insecure/rs:fill:0:0/q:100/plain/https://cellphones.com.vn/media/wysiwyg/Loa/Marshall/loa-bluetooth-marshall-emberton-ii-2.jpg" alt="Thiết kế loa Marshall Emberton II"></strong></p>
<p><strong>Cạnh đó, loa còn được thiết kế với chất liệu cao cấp ở mặt trước và phần lưới đen ở mặt lưng, giúp chống va đập hiệu quả. Logo Marshall được kết hợp một cách nổi bật và vô cùng đặc trưng của thương hiệu.</strong></p>
<p><strong>&gt;&gt;&gt; Xem thêm Tai nghe </strong><a href="https://cellphones.com.vn/loa-bluetooth-marshall-emberton-iii.html"><strong>Marshall Emberton 3</strong></a><strong> đang sở hữu mức giá khá tốt hiện nay.</strong></p>
<h3><strong>Công nghệ kháng nước đỉnh cao cùng nhiều phiên bản màu sắc</strong></h3>
<p><strong>Emberton 2 được trang bị tính năng chống nước chuẩn IPX7 giúp cho loa có thể tránh được những tác động dù có bị ngâm trong nước ở độ sâu 1 mét với khoảng thời gian là 30 phút. Cạnh đó, loa còn được tích hợp thêm nhiều tính năng với nút điều khiển joy-stick có thể tăng giảm âm thanh hoặc chuyển sang, lùi bài hát hay tạm dừng chỉ với một nút duy nhất.</strong></p>
<p><strong><img src="https://cdn2.cellphones.com.vn/insecure/rs:fill:0:0/q:100/plain/https://cellphones.com.vn/media/wysiwyg/Loa/Marshall/loa-bluetooth-marshall-emberton-ii-3.jpg" alt="Tính năng loa Marshall Emberton II"></strong></p>
<h3><strong>Mở rộng phạm vi kết nối và phát nhạc cả ngày dài&nbsp;</strong></h3>
<p><strong>Chuẩn kết nối được sử dụng trên loa Bluetooth Marshall Emberton II là Bluetooth 5.1. Từ đó, loa có thể ghép nối nhanh chóng và tương thích tốt hơn với nhiều thiết bị nghe nhạc trong phạm vi xa 10 mét. Hơn nữa, loa còn có thêm cổng 3.5mm. Do đó, thông qua cáp âm thanh, người dùng vẫn có thể kết nối với các thiết bị không có Bluetooth.</strong></p>
<p><strong><img src="https://cdn2.cellphones.com.vn/insecure/rs:fill:0:0/q:100/plain/https://cellphones.com.vn/media/wysiwyg/Loa/Marshall/loa-bluetooth-marshall-emberton-ii-5.jpg" alt="Kết nối loa Marshall Emberton II"></strong></p>
<p><strong>Ngoài ra, loa Bluetooth Marshall Emberton II còn có thời lượng pin phát nhạc ấn tượng kéo dài cả ngày. Tuy vậy, loa chỉ mất khoảng 3 giờ để sạc đầy năng lượng thông qua cáp sạc Type C. Vì vậy, người dùng sẽ thoải mái dùng loa ở bất cứ đâu mà không cần quá lo về vấn đề bị gián đoạn pin.</strong></p>', 10, N'https://pub-dd1bef83e9814f348c1ea975cca22e4f.r2.dev/elechoshop/others/a6485071-759f-42f6-b437-4ca61c4cab34_marshall_emberton_ii_3.webp', CAST(4990000.00 AS Numeric(38, 2)), CAST(4491000.00 AS Numeric(38, 2)), N'Loa Marshall Emberton II', 4.8, 200, N'AVAILABLE', 9, 9, 5)
INSERT [dbo].[product] ([product_id], [created_date], [description], [description_details], [discount_percent], [main_image], [original_price], [price], [product_name], [rating], [sold_count], [status], [brand_id], [category_id], [supplier_id]) VALUES (22, CAST(N'2025-01-25T10:00:00.0000000' AS DateTime2), N'Bàn phím gaming switch cơ học Razer Green', N'<h2><strong>Đánh giá chi tiết bàn phím Razer BlackWidow V4</strong></h2>
<p>Razer BlackWidow V4 dòng <a href="https://gearvn.com/pages/ban-phim-may-tinh">bàn phím cơ</a> sở hữu thiết kế độc đáo, nổi bật với cụm phím Multimedia tăng thêm phần thuận tiện khi chơi game giải trí. Đặc biệt, nhờ vào hệ thống Led RGB sinh động mà người chơi có thể dễ dàng đồng bộ ánh sáng cùng các phụ kiện Gaming Gear khác tạo nên góc máy chơi game &amp; làm việc ấn tượng.</p>
<h3><strong>Thiết kế độc đáo cùng các chi tiết góc cạnh mạnh mẽ</strong></h3>
<p></p>
<p><img src="https://file.hstatic.net/200000722513/file/gearvn-ban-phim-razer-blackwidow-v4-green-switch_88b95d3f15cc4b4cba39d5faa9ad6686_1024x1024.jpg" alt="GEARVN-ban-phim-razer-blackwidow-v4-green-switch"></p>
<p></p>
<p>Sở hữu vẻ ngoài vô cùng độc đáo với tông màu đen chủ đạo được tạo điểm nhấn bằng các chi tiết góc cạnh được gia công tỉ mỉ tạo nên tổng thể đậm chất gaming nhưng vẫn không kém phần sang trọng. Nhờ vào thiết kế mang tính thẩm mỹ cao giúp người chơi dễ dàng chọn mua <a href="https://gearvn.com/pages/chuot-may-tinh">chuột máy tính</a>, tai nghe gaming cùng nhiều phụ kiện khác để kết hợp với Razer BlackWidow V4 tạo nên góc máy làm việc &amp; giải trí ấn tượng</p>
<h3><strong>Layout Fullsize cùng cụm phím Multimedia</strong></h3>
<p></p>
<p><img src="https://file.hstatic.net/200000722513/file/gearvn-ban-phim-razer-blackwidow-v4-green-switch-3_8f40ede496224a58b6dba131df7348d6_1024x1024.jpg" alt="GEARVN-ban-phim-razer-blackwidow-v4-green-switch"></p>
<p></p>
<p>Bên cạnh sở hữu thiết kế đầy mạnh mẽ, Razer BlackWidow V4 còn sở hữu Layout Fullsize cùng cụm phím số Numpad vô cùng thân thiện, rất thích hợp cho người dùng thường xuyên làm việc với số liệu, soạn thảo và sáng tạo nội dung.</p>
<p><img src="https://file.hstatic.net/200000722513/file/gearvn-ban-phim-razer-blackwidow-v4-green-switch-3_e73b7d793a314ca5a0858bf611930528_grande.png" alt="GEARVN-ban-phim-razer-blackwidow-v4-green-switch"></p>
<p>Đặc biệt, nhờ vào cụm phím Multimedia bao gồm 4 nút bấm và con lăn hỗ trợ người chơi điều chỉnh mọi thứ từ độ sáng đến âm lượng một cách tiện lợi mà không làm gián đoạn mạch cảm hứng sáng tạo và phấn khích khi đang giao tranh không các tựa game yêu thích.</p>
<h3><strong>Led Razer Chroma RGB độc đáo, sáng tạo</strong></h3>
<p></p>
<p><img src="https://file.hstatic.net/200000722513/file/gearvn-ban-phim-razer-blackwidow-v4-green-switch-1_c04bc4b6b3c34e45911746b493e592d5_1024x1024.jpg" alt="GEARVN-ban-phim-razer-blackwidow-v4-green-switch"></p>
<p></p>
<p>Để giúp vẻ ngoài thêm phần cuốn hút Razer BlackWidow V4 được tích hợp hệ thống led Razer Chroma RGB độc đáo, sáng tạo với nhiều hiệu ứng chiếu sáng khác nhau, tạo điều kiện cho người chơi dễ dàng đồng bộ màu sắc RGB cùng các phụ kiện chơi game như chuột gaming, <a href="https://gearvn.com/collections/tai-nghe-bluetooth-chinh-hang">tai nghe Bluetooth</a> hay bất kỳ phụ kiện khác trong hệ sinh thái Razer.</p>
<h3><strong>Công tắc cơ học độc quyền từ Razer</strong></h3>
<p></p>
<p><img src="https://file.hstatic.net/200000722513/file/gearvn-ban-phim-razer-blackwidow-v4-green-switch-1_b4fffbc991d5483289d16ae50e65d14c_grande.png" alt="GEARVN-ban-phim-razer-blackwidow-v4-green-switch"></p>
<p>Trang bị bộ công tắc cơ học độc quyền Razer Green Mechanical Switches cho cảm giác gõ tốt, âm thanh êm tai hoạt động ổn định khi sử dụng ở tần suất cao. Nếu bạn thường xuyên gõ văn bản thì đây chính là dòng <a href="https://gearvn.com/collections/ban-phim-may-tinh">bàn phím máy tính</a> bạn đang tìm kiếm đấy nhé!</p>
<p></p>
<h3><strong>Bộ Keycaps ABS Doubleshot</strong></h3>
<p></p>
<p><img src="https://file.hstatic.net/200000722513/file/gearvn-ban-phim-razer-blackwidow-v4-green-switch-2_669605e7640b481d8919217bbd86628b_1024x1024.jpg" alt="GEARVN-ban-phim-razer-blackwidow-v4-green-switch"></p>
<p></p>
<p>Bên cạnh việc sở hữu bộ công tắc cơ siêu mượt, <a href="https://gearvn.com/collections/ban-phim-choi-game-razer">bàn phím Razer</a> còn trang bị bộ Keycaps ABS cùng công nghệ in siêu bền đảm bảo các ký tự không bị phai mờ theo thời gian. Nhờ vào bộ Keycaps độ cao vừa phải, bề mặt có độ cong hợp lý vừa ôm lấy các ngón tay giúp gõ nhanh và chính xác mà không tốn quá nhiều sự tập trung.</p>
<h3><strong>Khả năng tương thích cao với nhiều thiết bị</strong></h3>
<p>Bạn có thể sử dụng tốt với các thiết bị <a href="https://gearvn.com/collections/laptop">Laptop</a> và cả <a href="https://gearvn.com/pages/pc-gvn">PC</a> vô cùng tiện lợi thông qua cáp USB Type-C theo tiêu chuẩn Châu Âu siêu bền đảm bảo quá trình sử dụng không bị gián đoạn.&nbsp;</p>', 10, N'https://pub-dd1bef83e9814f348c1ea975cca22e4f.r2.dev/elechoshop/others/1d63739e-c047-4c97-bd73-39f7f8b2a20a_z4571453724049_38fee4cd392684bac3f5f2c9f131aaf8_7156f22659e0426cb913402d7ca960ed_master.jpg', CAST(4790000.00 AS Numeric(38, 2)), CAST(4311000.00 AS Numeric(38, 2)), N'Bàn phím cơ Razer BlackWidow V4', 4.7, 150, N'AVAILABLE', 10, 10, 6)
INSERT [dbo].[product] ([product_id], [created_date], [description], [description_details], [discount_percent], [main_image], [original_price], [price], [product_name], [rating], [sold_count], [status], [brand_id], [category_id], [supplier_id]) VALUES (23, CAST(N'2025-03-15T11:00:00.0000000' AS DateTime2), N'Chuột gaming không dây siêu nhẹ chuyên nghiệp', N'<h2>Chuột Razer DeathAdder V3 Pro Wireless</h2>
<p></p>
<p><img src="https://assets2.razerzone.com/images/og-image/razer-deathadder-v3-pro-og-image.png" alt="Image"></p>
<p></p>
<p><img src="https://www.tncstore.vn/media/product/250-8341-razer-deathadder-v3-pro-wireless.jpg" alt="Image"></p>
<p><strong>Razer DeathAdder V3 Pro Wireless</strong> là dòng chuột gaming cao cấp thuộc series <strong>DeathAdder</strong> nổi tiếng của <strong>Razer</strong>, được thiết kế dành cho game thủ chuyên nghiệp và esports. Với thiết kế công thái học tối ưu, cảm biến siêu chính xác và kết nối không dây tốc độ cao, chiếc chuột này mang lại hiệu năng vượt trội cho các tựa game FPS và competitive.</p>
<h3>🎮 Hiệu năng gaming đỉnh cao</h3>
<p>Chuột được trang bị cảm biến <strong>Razer Focus Pro 30K Optical Sensor</strong> cho độ chính xác cực cao với DPI lên đến <strong>30.000</strong>, tracking chuẩn xác trên nhiều bề mặt khác nhau. Điều này giúp game thủ kiểm soát từng chuyển động nhỏ nhất khi ngắm bắn hay thao tác nhanh trong game.</p>
<h3>⚡ Kết nối không dây siêu nhanh</h3>
<p>Sử dụng công nghệ <strong>Razer HyperSpeed Wireless</strong>, chuột mang lại độ trễ cực thấp, gần như tương đương chuột có dây. Khi kết hợp với <strong>HyperPolling Wireless Dongle</strong>, chuột có thể đạt <strong>polling rate lên tới 4000Hz</strong>, giúp phản hồi nhanh hơn nhiều so với chuẩn 1000Hz thông thường.</p>
<h3>🪶 Thiết kế siêu nhẹ – tối ưu cho esports</h3>
<p>Với trọng lượng chỉ khoảng <strong>63g</strong>, DeathAdder V3 Pro là một trong những chuột không dây nhẹ nhất trong phân khúc. Thiết kế công thái học đặc trưng của dòng DeathAdder giúp cầm nắm thoải mái trong thời gian dài, đặc biệt phù hợp với các kiểu grip như <strong>palm grip</strong> và <strong>claw grip</strong>.</p>
<h3>🔋 Thời lượng pin ấn tượng</h3>
<p>Chuột có thể hoạt động liên tục lên đến <strong>90 giờ</strong> chỉ với một lần sạc (ở chế độ 1000Hz). Điều này giúp game thủ yên tâm sử dụng trong nhiều ngày mà không cần sạc lại thường xuyên.</p>
<h3>🖱️ Switch quang học thế hệ mới</h3>
<p>Chuột sử dụng <strong>Optical Mouse Switch Gen-3</strong> cho tốc độ phản hồi cực nhanh, loại bỏ hiện tượng double-click và tăng độ bền lên đến <strong>90 triệu lần nhấn</strong>.</p>
<h3>📊 Thông số nổi bật</h3>
<p>Thông sốChi tiếtKết nốiHyperSpeed WirelessCảm biếnFocus Pro 30K Optical SensorDPI tối đa30.000 DPIPolling Rate1000Hz (4000Hz với HyperPolling Dongle)Trọng lượng~63gSwitchOptical Mouse Switch Gen-3Thời lượng pinLên đến 90 giờ</p>
<p>✅ <strong>Razer DeathAdder V3 Pro Wireless</strong> là lựa chọn lý tưởng cho game thủ muốn sở hữu một chiếc chuột không dây <strong>nhẹ – chính xác – phản hồi nhanh</strong>, phù hợp cho các tựa game FPS, MOBA và esports chuyên nghiệp.</p>', 7, N'https://pub-dd1bef83e9814f348c1ea975cca22e4f.r2.dev/elechoshop/others/3af2dadc-57f9-4b73-a28f-6fca5ea8d2ac_g-day-razer-deathadder-v3-pro-black-5_dc9af905e20d41efb1952303ab3c444c_24a8518eb02c4a9aad9974f9859f8.jpg', CAST(3990000.00 AS Numeric(38, 2)), CAST(3710700.00 AS Numeric(38, 2)), N'Chuột Razer DeathAdder V3 Pro', 4.8, 220, N'AVAILABLE', 10, 10, 4)
INSERT [dbo].[product] ([product_id], [created_date], [description], [description_details], [discount_percent], [main_image], [original_price], [price], [product_name], [rating], [sold_count], [status], [brand_id], [category_id], [supplier_id]) VALUES (24, CAST(N'2025-01-01T08:00:00.0000000' AS DateTime2), N'Ổ cứng SSD Samsung 990 Pro PCIe Gen 4.0 X4 NVMe 1TB cung cấp tốc độ đọc lên tới 7.450 MB/s và ghi đạt đến 6.900 MB/s, kèm theo dung lượng lưu trữ 1TB. Sản phẩm sở hữu tính linh hoạt nhờ thiết kế với giao diện NVMe 2.0. Ngoài ra, mẫu ổ cứng SSD Samsung này cho phép người dùng quản lý, tùy chỉnh qua phần mềm Samsung Magician.

', N'<h2><strong>Ổ cứng SSD Samsung 990 Pro PCIe Gen 4.0 X4 NVMe 1TB - Mở rộng lưu trữ</strong></h2>
<p><strong>Ổ cứng SSD Samsung 990 Pro PCIe Gen 4.0 X4 NVMe 1TB là lựa chọn lý tưởng để trang bị cho máy tính. Qua các tính năng nổi trội, sản phẩm này có thể đáp ứng nhiều nhu cầu, nâng cấp hệ thống mạnh mẽ hơn.</strong></p>
<h3><strong>Ổ cứng SSD hiện đại, hoạt động bền bỉ</strong></h3>
<p><strong>Ổ cứng SSD Samsung 990 Pro PCIe Gen 4.0 X4 NVMe 1TB thuộc loại SSD giúp tối ưu hoá hiệu năng. Bên cạnh đó, dạng ổ thể rắn này cũng cho phép phân bổ dữ liệu đồng đều kèm theo khả năng duy trì nhiệt độ ổn định trong quá trình hoạt động lâu dài. Linh kiện được thiết kế gọn nhẹ, linh hoạt trong ứng dụng thực tế để phục vụ người dùng PC cấu hình cao.</strong></p>
<p><strong><img src="https://cdn2.cellphones.com.vn/insecure/rs:fill:0:0/q:100/plain/https://cellphones.com.vn/media/wysiwyg/linh-kien-may-tinh/O-cung/SSD/Samsung/o-cung-ssd-samsung-990-pro-pcie-gen-4-0-x4-nvme-1tb-1.jpg" alt="Ổ cứng SSD hiện đại, hoạt động bền bỉ"></strong></p>
<p><strong>Ngoài ra, Samsung 990 Pro cũng mang lại sự an tâm cho người dùng nhờ cơ chế bảo mật dữ liệu tiên tiến. Không những vậy, phần mềm Samsung Magician đi kèm cho phép theo dõi tình trạng ổ cứng và điều chỉnh để đạt hiệu suất theo nhu cầu.</strong></p>
<h3><strong>Dung lượng lên đến 1TB</strong></h3>
<p><strong>Ổ cứng SSD Samsung 990 Pro PCIe Gen 4.0 X4 NVMe 1TB đem lại không gian lưu lý tưởng cho nhiều đối tượng người dùng khác nhau. Dung lượng 1TB cho phép lưu trữ trọn vẹn thư viện game và khởi chạy nhanh chóng nhờ tốc độ cao của SSD. Ổ cứng còn mang đến sự thoải mái khi người dùng cần bộ nhớ cho các dự án nặng.</strong></p>
<p><strong><img src="https://cdn2.cellphones.com.vn/insecure/rs:fill:0:0/q:100/plain/https://cellphones.com.vn/media/wysiwyg/linh-kien-may-tinh/O-cung/SSD/Samsung/o-cung-ssd-samsung-990-pro-pcie-gen-4-0-x4-nvme-1tb-2.jpg" alt="Ổ cứng SSD Samsung 990 Pro PCIe Gen 4.0 X4 NVMe dung lượng  1TB"></strong></p>
<p><strong>Đối với người dùng phổ thông, 1TB là mức dung lượng cân bằng giữa khả năng lưu trữ và chi phí đầu tư. Khách hàng có thể thoải mái lưu tài liệu, hình ảnh, video cá nhân trong nhiều năm. Hãng cũng đã tối ưu bộ nhớ bằng cách sử dụng công nghệ NAND tiên tiến, đảm bảo vừa cung cấp không gian data rộng vừa duy trì độ bền và hiệu năng ổn định.</strong></p>
<h3><strong>Tốc độ đọc ghi ấn tượng</strong></h3>
<p><strong>Ổ cứng SSD Samsung 990 Pro PCIe Gen 4.0 X4 NVMe 1TB nổi bật với tốc độ đọc tuần tự lên tới 7.450 MB/s và ghi tuần tự đạt 6.900 MB/s. Vì vậy, hệ điều hành hay các ứng dụng cũng được tăng tốc khởi chạy, giảm thời gian chờ. Đồng thời, hệ thống còn xử lý mạnh mẽ các tệp tin dung lượng lớn và hạn chế độ trễ.</strong></p>
<p><strong><img src="https://cdn2.cellphones.com.vn/insecure/rs:fill:0:0/q:100/plain/https://cellphones.com.vn/media/wysiwyg/linh-kien-may-tinh/O-cung/SSD/Samsung/o-cung-ssd-samsung-990-pro-pcie-gen-4-0-x4-nvme-1tb-3.jpg" alt="Tốc độ Ổ cứng SSD Samsung 990 Pro PCIe Gen 4.0 X4 NVMe 1TB"></strong></p>
<p><strong>Với các tác vụ văn phòng, việc truy xuất nhiều file cùng lúc cũng diễn ra nhanh chóng, giúp tối ưu năng suất công việc. Hơn thế nữa, công nghệ Dynamic Thermal Guard được tích hợp để kiểm soát nhiệt độ, ngăn chặn việc giảm hiệu suất khi ổ cứng hoạt động ở cường độ cao. Điều này giúp duy trì tốc độ ổn định khi khối lượng dữ liệu ghi liên tục thời gian dài.</strong></p>
<h3><strong>Giao diện NVMe 2.0, tương thích rộng</strong></h3>
<p><strong>Ổ cứng SSD Samsung 990 Pro PCIe Gen 4.0 X4 NVMe 1TB có giao diện NVMe 2.0 kết hợp chuẩn PCIe Gen 4.0 x4. Đây là chuẩn giao tiếp hiện đại mang lại băng thông lớn để khai thác tối đa tốc độ xử lý cho hệ thống.&nbsp;</strong></p>
<p><strong>Chuẩn NVMe 2.0 được thiết kế tối ưu cho bộ nhớ flash, giảm thiểu độ trễ và tăng khả năng xử lý nhiều hàng đợi dữ liệu cùng lúc. Giao diện này còn đảm bảo tính tương thích rộng rãi, hoạt động mượt mà trên các mẫu laptop gaming cao cấp, PC workstation.</strong></p>
<p><strong><img src="https://cdn2.cellphones.com.vn/insecure/rs:fill:0:0/q:100/plain/https://cellphones.com.vn/media/wysiwyg/linh-kien-may-tinh/O-cung/SSD/Samsung/o-cung-ssd-samsung-990-pro-pcie-gen-4-0-x4-nvme-1tb-4.jpg" alt="Ổ cứng SSD Samsung 990 Pro PCIe Gen 4.0 X4 NVMe 1TB có giao diện NVMe 2.0"></strong></p>
<p><strong>Bên cạnh đó, ổ cứng SSD Samsung 990 Pro PCIe Gen 4.0 X4 NVMe 1TB còn có thể lắp ráp cho các hệ thống máy tính để bàn phổ thông có khe cắm M.2 PCIe 4.0. Điều này sẽ giúp mở rộng phạm vi ứng dụng của sản phẩm, không chỉ dành cho PC mà còn phục vụ nhu cầu đa nền tảng.</strong></p>
<h2><strong>Mua ổ cứng SSD Samsung 990 Pro PCIe Gen 4.0 X4 NVMe 1TB giá tốt tại CellphoneS</strong></h2>
<p><strong>Ổ cứng SSD Samsung 990 Pro PCIe Gen 4.0 X4 NVMe 1TB là linh kiện chất lượng với đa dạng đặc điểm tiên tiến. Từ bây giờ, khách hàng có thể đến CellphoneS để mua ngay sản phẩm chính hãng, giá phải chăng. Cửa hàng sẽ đem đến dịch vụ bảo hành uy tín với chính sách minh bạch, hỗ trợ chuyên nghiệp, tư vấn tận tìn</strong></p>', 12, N'https://pub-dd1bef83e9814f348c1ea975cca22e4f.r2.dev/elechoshop/others/2d370709-a3d1-46ee-85ed-ba49ff71bed9_text_ng_n_8_8_24.webp', CAST(3990000.00 AS Numeric(38, 2)), CAST(3511200.00 AS Numeric(38, 2)), N'Ổ cứng SSD Samsung 990 Pro 1TB', 4.9, 300, N'AVAILABLE', 7, 11, 6)
INSERT [dbo].[product] ([product_id], [created_date], [description], [description_details], [discount_percent], [main_image], [original_price], [price], [product_name], [rating], [sold_count], [status], [brand_id], [category_id], [supplier_id]) VALUES (25, CAST(N'2024-12-01T08:00:00.0000000' AS DateTime2), N'USB lưu trữ tốc độ cao bền bỉ', N'<h2><strong>USB Kingston DataTraveler Exodia DTX 64GB - Nhỏ gọn tiện lợi, truy cập dễ dàng</strong></h2>
<p><strong>USB Kingston DataTraveler Exodia DTX 64GB sở hữu kiểu dáng đơn giản nhưng vẫn truyền nhanh nhờ vào công nghệ USB 3.2 Gen 1. Hơn nữa, thiết bị </strong><a href="https://cellphones.com.vn/phu-kien/the-nho-usb-otg/usb.html" title="USB chính hãng"><strong>USB</strong></a><strong> này còn có mức dung lượng cao, đảm bảo để bạn lưu trữ một lượng lớn dữ liệu dễ dàng.</strong></p>
<h3><strong>Truyền tải nhanh chóng từ cổng USB 3.2 Gen 1</strong></h3>
<p><strong>USB Kingston DataTraveler Exodia DTX 64GB đạt chuẩn USB 3.2 Gen 1 với cổng USB Type-A được trang bị. Do đó, sản phẩm này sẽ cho phép bạn kết nối dễ dàng với nhiều thiết bị có sẵn USB Type-A như laptop, màn hình TV,... với tốc độ truyền tải nhanh ấn tượng và ổn định.</strong></p>
<p><strong><img src="https://cdn2.cellphones.com.vn/insecure/rs:fill:0:0/q:100/plain/https://cellphones.com.vn/media/wysiwyg/phu-kien/USB/Kingston/usb-kingston-datatraveler-exodia-dtx-64gb-2.png" alt="USB Kingston DataTraveler Exodia DTX 64GB - Nhỏ gọn tiện lợi, truy cập dễ dàng"></strong></p>
<p><strong>Mặt khác, với chuẩn băng thông USB 3.2 Gen, USB Kingston DataTraveler Exodia DTX 64GB còn có thêm khả năng tương thích ngược. Từ đó, bạn có thể dùng được với USB 3.0, 2.0,... một cách tiện lợi.</strong></p>
<h3><strong>Thiết kế nhỏ gọn, có móc khóa treo dễ mang theo</strong></h3>
<p><strong>USB Kingston DataTraveler Exodia DTX 64GB được làm vô cùng nhỏ gọn với kiểu dáng đơn giản cho ra kích thước 67.3 x 21.04 x 10.14 mm. Vì vậy, thiết bị này đảm bảo tính di động cao và bạn có thể dễ dàng mang theo bên mình bằng cách bỏ túi.</strong></p>
<p><strong><img src="https://cdn2.cellphones.com.vn/insecure/rs:fill:0:0/q:100/plain/https://cellphones.com.vn/media/wysiwyg/phu-kien/USB/Kingston/usb-kingston-datatraveler-exodia-dtx-64gb-1.png" alt="USB Kingston DataTraveler Exodia DTX 64GB - Nhỏ gọn tiện lợi, truy cập dễ dàng"></strong></p>
<p><strong>Bên cạnh đó, USB Kingston DataTraveler Exodia DTX 64GB còn có một móc treo khác màu và màu này sẽ tùy thuộc vào dung lượng bạn chọn. Hơn hết, móc treo này có thể gắn vào dây trang trí hoặc gắn chung với chìa khóa, hạn chế tình trạng USB bị rơi hay lạc mất.</strong></p>
<h2><strong>Mua ngay USB Kingston DataTraveler Exodia DTX 64GB giá tốt với CellphoneS</strong></h2>
<p><strong>USB Kingston DataTraveler Exodia DTX 64GB hiện đang được CellphoneS phân phối ở hầu hết các chi nhánh trên toàn quốc. Do đó, bạn có thể đến trực tiếp tại cửa hàng hoặc đặt mua USB này thông qua website để nhận về với giá siêu hời nhé!</strong></p>', 28, N'https://pub-dd1bef83e9814f348c1ea975cca22e4f.r2.dev/elechoshop/others/caa3c134-1d5c-44e7-8a6b-4a08e504f1d8_usb-kingston-datatraveler-exodia-dtx-64gb_2.webp', CAST(350000.00 AS Numeric(38, 2)), CAST(252000.00 AS Numeric(38, 2)), N'USB 3.2 Kingston DataTraveler', 4.5, 1200, N'AVAILABLE', 11, 11, 4)
INSERT [dbo].[product] ([product_id], [created_date], [description], [description_details], [discount_percent], [main_image], [original_price], [price], [product_name], [rating], [sold_count], [status], [brand_id], [category_id], [supplier_id]) VALUES (26, CAST(N'2024-06-01T08:00:00.0000000' AS DateTime2), N'Ổ cứng lưu trữ dữ liệu truyền thống ổn định', N'<h2><strong>Ổ cứng HDD WD Blue 2TB 3.5” SATA (WD20EZBX) - Dung lượng lưu trữ nhiều hơn</strong></h2>
<p><strong>Ổ cứng HDD WD Blue 2TB 3.5” SATA (WD20EZBX) &nbsp;là một phần quan trọng không thể thiếu trong hệ thống lưu trữ của bạn, đặc biệt là khi bạn đang tìm kiếm sự ổn định và hiệu suất. Trong bài viết này, tìm hiểu ổ cứng này-một lựa chọn phổ biến cho cả văn phòng và trải nghiệm game.</strong></p>
<h3><strong>Loại ổ cứng HDD thông dụng</strong></h3>
<p><strong>Ổ cứng WD Blue 2TB thuộc dạng HDD (Hard Disk Drive) với kích thước 3.5 inch. Điều này làm cho nó trở thành sự lựa chọn lý tưởng cho các hệ thống máy tính đứng tại văn phòng hoặc trạm làm việc game.</strong></p>
<p><strong><img src="https://cdn2.cellphones.com.vn/insecure/rs:fill:0:0/q:100/plain/https://cellphones.com.vn/media/wysiwyg/linh-kien-may-tinh/O-cung/HDD/o-cung-hdd-wd-blue-2tb-3-5-sata-wd20ezbx-1.png" alt="Ổ cứng HDD WD Blue 2TB 3.5&quot; SATA"></strong></p>
<p><strong>Với thương hiệu WD nổi tiếng, ổ cứng này mang đến độ tin cậy cao và khả năng bảo vệ dữ liệu. Công nghệ bảo vệ chống sốc giúp giảm nguy cơ mất dữ liệu do va đập.</strong></p>
<h3><strong>Dung lượng ổ cứng lên đến 2TB</strong></h3>
<p><strong>Ổ cứng HDD WD Blue 2TB 3.5” SATA (WD20EZBX) mang đến một khoảng không gian lưu trữ rộng lớn lên đến 2TB. Cho dù bạn là người sử dụng văn phòng hay một game thủ, dung lượng ổ cứng này đáp ứng mọi nhu cầu với tính linh hoạt cao.</strong></p>
<p><strong><img src="https://cdn2.cellphones.com.vn/insecure/rs:fill:0:0/q:100/plain/https://cellphones.com.vn/media/wysiwyg/linh-kien-may-tinh/O-cung/HDD/o-cung-hdd-wd-blue-2tb-3-5-sata-wd20ezbx-2.jpg" alt="Ổ cứng HDD WD Blue 2TB 3.5&quot; SATA"></strong></p>
<p><strong>Với bộ nhớ cache mạnh mẽ lên đến 256MB, ổ cứng này không chỉ lưu trữ dữ liệu một cách hiệu quả mà còn tăng cường khả năng truy xuất.</strong></p>
<h2><strong>Mua ngay ổ cứng HDD WD Blue 2TB 3.5” SATA (WD20EZBX) chính hãng tại CellphoneS</strong></h2>
<p><strong>Hãy đến ngay với CellphoneS để có thể mua được ổ ổ cứng HDD WD Blue 2TB 3.5” SATA (WD20EZBX) chính hãng. Tại đây, bạn sẽ còn mua được sản phẩm với sự tư vấn nhiệt tình từ nhân viên cùng ưu đãi hấp dẫn.</strong></p>', 15, N'https://pub-dd1bef83e9814f348c1ea975cca22e4f.r2.dev/elechoshop/others/2ba8ccef-5d8b-4fc2-b035-c6b004ae397a_o-cung-hdd-wd-blue-2tb-3-5-sata-wd20ezbx_3.webp', CAST(1890000.00 AS Numeric(38, 2)), CAST(1606500.00 AS Numeric(38, 2)), N'Ổ cứng HDD WD Blue 2TB', 4.4, 400, N'AVAILABLE', 12, 11, 4)
INSERT [dbo].[product] ([product_id], [created_date], [description], [description_details], [discount_percent], [main_image], [original_price], [price], [product_name], [rating], [sold_count], [status], [brand_id], [category_id], [supplier_id]) VALUES (27, CAST(N'2026-03-17T00:14:47.9264651' AS DateTime2), N'Bàn phím cơ không dây Aula F75 Đen có 80 phím với chất liệu keycap nhựa PBT, dùng loại switch Grey Wood V3 Switch cho độ bền tới 60 triệu lần bấm. Mẫu bàn phím Aula này có đèn nền LED RGB 16.8 triệu màu với hiệu ứng âm thanh khi gõ phím Linear. Aula F75 có không dây 2.4Ghz, Bluetooth, USB Type-C và tương thích được với Win XP/Win 7/Win 8/Win 10/Android/iOS/MAC.

', N'<h2><strong>Bàn phím cơ không dây Aula F75 Đen - Phản hồi nhanh, đèn nền RGB sống động</strong></h2>
<p><strong>Bàn phím cơ không dây Aula F75 Đen mang đến trải nghiệm gõ phím tuyệt vời với switch Grey Wood V3 êm ái. Mẫu </strong><a href="https://cellphones.com.vn/phu-kien/chuot-ban-phim-may-tinh/ban-phim/ban-phim-co.html" title="Mua bàn phím cơ giá rẻ tại CellphoneS"><strong>bàn phím cơ</strong></a><strong> này còn sở hữu đèn nền RGB sống động, biến không gian làm việc của mọi người càng trở nên thật sự ấn tượng.</strong></p>
<h3><strong>Layout gọn gàng mang đến vẻ đẹp hiện đại</strong></h3>
<p><strong>Bàn phím cơ không dây Aula F75 Đen là một sự kết hợp giữa thiết kế hiện đại và công nghệ tiên tiến. Với thiết kế 80 phím gọn gàng, Aula F75 mang đến vẻ ngoài tinh tế và chuyên nghiệp. Đèn nền RGB tùy chỉnh đa màu sắc không chỉ làm tăng tính thẩm mỹ mà còn tạo ra hiệu ứng thị giác bắt mắt. Tất cả sẽ mang đến trải nghiệm gõ phím tuyệt vời hơn cho người dùng.</strong></p>
<p><strong><img src="https://cdn2.cellphones.com.vn/insecure/rs:fill:0:0/q:100/plain/https://cellphones.com.vn/media/wysiwyg/phu-kien/Ban-phim/Aula/ban-phim-co-khong-day-aula-f75-den-1.jpg" alt="Thiết kế, đèn nền của bàn phím cơ không dây Aula F75 Đen"></strong></p>
<h3><strong>Keycap PBT bền bỉ cùng switch Grey Wood V3 êm ái</strong></h3>
<p><strong>Bàn phím cơ không dây Aula F75 Đen có keycap làm từ nhựa PBT với khả năng hạn chế mài mòn bền bỉ. Đặc biệt, hãng còn sử dụng loại switch Grey Wood V3 êm ái, giúp người dùng có được trải nghiệm gõ phím với hiệu ứng Linear độc đáo. Mỗi lần nhấn phím, người dùng cũng sẽ có được phản hồi nhanh nhạy, giúp tăng hiệu suất làm việc và giải trí một cách trọn vẹn.</strong></p>
<p><strong><img src="https://cdn2.cellphones.com.vn/insecure/rs:fill:0:0/q:100/plain/https://cellphones.com.vn/media/wysiwyg/phu-kien/Ban-phim/Aula/ban-phim-co-khong-day-aula-f75-den-2.jpg" alt="Keycap, switch của bàn phím cơ không dây Aula F75 Đen"></strong></p>', 25, N'https://pub-dd1bef83e9814f348c1ea975cca22e4f.r2.dev/elechoshop/others/3a5779a8-38da-4e5e-9590-da449d2195d6_ban-phim-co-khong-day-aula-f75-den-1.webp', CAST(1499000.00 AS Numeric(38, 2)), CAST(1124250.00 AS Numeric(38, 2)), N'Bàn phím cơ không dây AULA', 0, 0, N'AVAILABLE', 13, 10, 4)
INSERT [dbo].[product] ([product_id], [created_date], [description], [description_details], [discount_percent], [main_image], [original_price], [price], [product_name], [rating], [sold_count], [status], [brand_id], [category_id], [supplier_id]) VALUES (28, CAST(N'2026-03-17T00:17:13.7137296' AS DateTime2), N'Chuột gaming không dây ASUS ROG Strix Impact III WL được trang bị cảm biến quang học ROG AimPoint cho độ nhạy 36.000 và độ lệch <1%, đảm bảo chính xác cao. Mẫu chuột ASUS này hỗ trợ 2 chế độ kết nối không dây là ROG SpeedNova và Bluetooth linh hoạt với dung lượng pin lớn. Thiết kế nhỏ gọn với trọng lượng chỉ 57g cho phép người dùng để chuột vào túi xách hay balo và mang theo gọn gàng bên mình.

', N'<h2><strong>Chuột gaming không dây ASUS ROG Strix Impact III WL siêu nhạy, kết nối không dây kép</strong></h2>
<p><strong>Nếu bạn đang tìm chuột gaming có độ nhạy cao với thiết kế nhỏ gọn thì đừng bỏ qua ASUS ROG Strix Impact III WL. Mẫu chuột không dây đến từ nhà Asus này được người dùng đánh giá cao bởi sở hữu cảm biến quang học tân tiến cùng trọng lượng chỉ 57g.</strong></p>
<h3><strong>Cảm biến 36000 DPI - Điều khiển chính xác tới từng milimet</strong></h3>
<p><strong>Chuột gaming không dây ASUS ROG Strix Impact III WL mang lại độ phân giải 36.000 dpi cực ấn tượng nhờ sử dụng cảm biến quang ROG AimPoint. Điều này đảm bảo bạn luôn điều khiển và thao tác chính xác với độ lệch nhỏ hơn 1% cùng tốc độ lên tới 650 IPS. Mặt khác, sản phẩm hỗ trợ tới 2 chế độ kết nối không dây là ROG SpeedNova và Bluetooth để người dùng có thêm lựa chọn sử dụng.&nbsp;</strong></p>
<p><strong><img src="https://cdn2.cellphones.com.vn/insecure/rs:fill:0:0/q:100/plain/https://cellphones.com.vn/media/wysiwyg/phu-kien/chuot/chuot-khong-day/Asus/chuot-gaming-khong-day-asus-rog-strix-impact-iii-wl-1.jpg" alt="Kết nối, độ nhạy DPI của chuột gaming không dây ASUS ROG Strix Impact III WL"></strong></p>
<h3><strong>Kiểu dáng gọn gàng, mang theo linh hoạt</strong></h3>
<p><strong>Với trọng lượng chỉ 57g, ROG Strix Impact III WL mang tới trải nghiệm cầm nắm dễ chịu cùng tính di động cao. Hình dạng chuột được nghiên cứu và thiết kế tinh tế để bạn nắm chắc và thao tác dễ dàng, điều khiển chính xác. Ngoài ra, các nút PBT có bề mặt chống trượt bền bỉ với khả năng kháng mài mòn tối ưu, duy trì sự thoải mái cho người dùng sau thời gian dài sử dụng.&nbsp;</strong></p>
<p><strong><img src="https://cdn2.cellphones.com.vn/insecure/rs:fill:0:0/q:100/plain/https://cellphones.com.vn/media/wysiwyg/phu-kien/chuot/chuot-khong-day/Asus/chuot-gaming-khong-day-asus-rog-strix-impact-iii-wl-2.jpg" alt="Thiết kế chuột gaming không dây ASUS ROG Strix Impact III WL"></strong></p>', 35, N'https://pub-dd1bef83e9814f348c1ea975cca22e4f.r2.dev/elechoshop/others/77d92927-4fbb-4fce-bb0d-4fee4effed41_chuot-gaming-khong-day-asus-rog-strix-impact-iii-wl_7.webp', CAST(1590000.00 AS Numeric(38, 2)), CAST(1033500.00 AS Numeric(38, 2)), N'Chuột gaming không dây Asus ROG Strix Impact III WL', 0, 0, N'AVAILABLE', 14, 8, 6)
INSERT [dbo].[product] ([product_id], [created_date], [description], [description_details], [discount_percent], [main_image], [original_price], [price], [product_name], [rating], [sold_count], [status], [brand_id], [category_id], [supplier_id]) VALUES (29, CAST(N'2026-03-17T00:19:12.0207317' AS DateTime2), N'Chuột Gaming có dây ASUS TUF M3 Gen 2 - Chuột gaming có độ chính xác vượt trội', N'<h2><strong>Chuột Gaming có dây ASUS TUF M3 Gen 2 - Chuột gaming có độ chính xác vượt trội</strong></h2>
<p><strong>Chuột Gaming có dây ASUS TUF M3 Gen 2 được các game thủ đặc biệt ưa chuộng khi sở hữu hệ thống đèn LED RGB bắt mắt cùng thiết kế công thái học hiện đại. Sản phẩm </strong><a href="https://cellphones.com.vn/phu-kien/chuot-ban-phim-may-tinh/chuot/asus.html" title="Chuột Asus chính hãng"><strong>chuột Asus</strong></a><strong> này cũng được tích hợp cảm biến quang học và tần số phản hồi vượt trội giúp cải thiện độ chính xác trên mọi thao tác nhấp chuột.</strong></p>
<h3><strong>Thiết kế tiện lợi với hệ thống đèn độc đáo</strong></h3>
<p><strong>Chuột gaming ASUS được thiết kế </strong><a href="https://cellphones.com.vn/phu-kien/chuot-ban-phim-may-tinh/chuot/chuot-cong-thai-hoc.html" title="chuột công thái học"><strong>chuột công thái học</strong></a><strong> và kích thước gọn nhẹ giúp người dùng dễ dàng di chuyển và luôn cảm thấy thoải mái khi sử dụng. Ngoài ra, bạn có thể tận dụng hệ thống đèn RGB độc đáo với đa dạng gam màu bắt mắt có trên thiết bị để thể hiện phong cách của riêng mình.&nbsp;</strong></p>
<p><strong><img src="https://cdn2.cellphones.com.vn/insecure/rs:fill:0:0/q:100/plain/https://cellphones.com.vn/media/wysiwyg/phu-kien/chuot/chuot_co_day/Asus/chuot-gaming-co-day-asus-tuf-m3-gen-2-3.jpg" alt="Thiết kế chuột ASUS TUF M3 Gen 2"></strong></p>
<h3><strong>Độ chính xác cao trên từng thao tác mang đến trải nghiệm chiến game mượt mà</strong></h3>
<p><strong>Chuột gaming cho phép người dùng có thể điều chỉnh cảm biến quang học từ 200 DPI đến 7000 DPI sao cho phù hợp với từng trận chiến game khác nhau. Bên cạnh đó, tốc độ phản hồi của thiết bị cũng vô cùng ấn tượng khi đạt đến 1.000Hz giúp bạn có được những trải nghiệm chiến game vô cùng mượt mà, không bị giật hay lag.&nbsp;</strong></p>
<p><strong><img src="https://cdn2.cellphones.com.vn/insecure/rs:fill:0:0/q:100/plain/https://cellphones.com.vn/media/wysiwyg/phu-kien/chuot/chuot_co_day/Asus/chuot-gaming-co-day-asus-tuf-m3-gen-2-2.jpg" alt="Tính năng chuột ASUS TUF M3 Gen 2"></strong></p>', 25, N'https://pub-dd1bef83e9814f348c1ea975cca22e4f.r2.dev/elechoshop/others/cd7f6427-b503-468e-8790-6e76244e0734_tuf-m3-gen-2-2.webp', CAST(590000.00 AS Numeric(38, 2)), CAST(442500.00 AS Numeric(38, 2)), N'Chuột Gaming có dây Asus TUF M3 Gen 2', 0, 0, N'AVAILABLE', 14, 8, 4)
INSERT [dbo].[product] ([product_id], [created_date], [description], [description_details], [discount_percent], [main_image], [original_price], [price], [product_name], [rating], [sold_count], [status], [brand_id], [category_id], [supplier_id]) VALUES (30, CAST(N'2026-03-17T00:21:26.2898262' AS DateTime2), N'Bàn phím gaming MSI Forge GK100 RGB LED đen sở hữu đèn LED RGB bắt mắt tạo nên không gian chiến game độc đáo cùng các phím tắt hỗ trợ điều khiển nhanh. Kết hợp với đó là phím switch chắc chắn có khả năng chịu đến 10 triệu lần nhấn. Đặc biệt hơn, mẫu bàn phím của nhà MSI còn có khả năng nhận tín hiệu cùng lúc của 19 phím bấm.

', N'<h2><strong>Bàn phím gaming MSI Forge GK100 RGB LED đen - Thiết kế bắt mắt với độ bền lâu dài</strong></h2>
<p><strong>MSI Forge GK100 RGB LED đen là mẫu bàn phím gaming nổi bật với ngoại hình bắt mắt cùng phím thiết kế góc bàn phím có thể điều chỉnh linh hoạt. Nhờ vào đó, bạn sẽ có được những trải nghiệm chiến game lâu dài nhưng vẫn đảm bảo cổ tay không bị mỏi. Với phím switch bền bỉ, chiếc bàn phím MSI còn được ưa chuộng ở độ bền lâu dài.&nbsp;</strong></p>
<h3><strong>Hiệu ứng đèn nền đẹp mắt cùng các phím tắt tiện lợi</strong></h3>
<p><strong>Với hiệu ứng đèn LED RGB bắt mắt, chiếc </strong><a href="https://cellphones.com.vn/phu-kien/chuot-ban-phim-may-tinh/ban-phim.html" title="Bàn phím máy tính"><strong>keyboard</strong></a><strong> đến từ thương hiệu MSI nổi bật với thiết kế độc đáo mang đến không gian chiến game sống động cho người chơi. Đặc biệt hone, phần góc bàn phím còn có khả năng điều chỉnh linh hoạt nên bạn có thể tận dụng để đảm bảo cổ tay luôn thoải mái khi sử dụng.&nbsp;</strong></p>
<p><strong><img src="https://cdn2.cellphones.com.vn/insecure/rs:fill:0:0/q:100/plain/https://cellphones.com.vn/media/wysiwyg/phu-kien/ban_phim/ban_phim_co/MSI/ban-phim-gaming-msi-forge-gk100-rgb-led-den-1.jpg" alt="Thiết kế, đèn nền của bàn phím gaming MSI Forge GK100 RGB LED đen"></strong></p>
<p><strong>Đi kèm với bàn phím MSI là các phím tắt hỗ trợ điều khiển nhanh chóng các tính năng trên thiết bị. Theo đó, các phím tắt này cho phép người chơi thay đổi hiệu ứng ánh sáng cũng như truy cập mọi tiện ích dễ dàng.&nbsp;</strong></p>
<h3><strong>Tích hợp switch bền bỉ với khả năng nhận tín hiệu của nhiều phím bấm cùng lúc</strong></h3>
<p><strong>Tích hợp bên trong bàn phím gaming MSI Forge GK100 RGB LED đen là các phím switch với khả năng chịu được hơn 10 triệu lần nhấn. Như vậy, chiếc bàn phím MSI sẽ mang đến thời gian sử dụng lâu dài mà không bị hư hỏng. Ưu điểm nổi bật ở bàn phím MSI nằm ở khả năng nhận tín hiệu cùng lúc đến 19 phím đảm bảo mọi thao tác của người chơi luôn có độ chính xác cao.&nbsp;</strong></p>
<p><strong><img src="https://cdn2.cellphones.com.vn/insecure/rs:fill:0:0/q:100/plain/https://cellphones.com.vn/media/wysiwyg/phu-kien/ban_phim/ban_phim_co/MSI/ban-phim-gaming-msi-forge-gk100-rgb-led-den-2.jpg" alt="Switch của bàn phím gaming MSI Forge GK100 RGB LED đen"></strong></p>', 25, N'https://pub-dd1bef83e9814f348c1ea975cca22e4f.r2.dev/elechoshop/others/1e01806d-e677-438c-9d39-586c6cd6d3a7_ban-phim-gaming-msi-forge-gk100-rgb-led-den-4.webp', CAST(490000.00 AS Numeric(38, 2)), CAST(367500.00 AS Numeric(38, 2)), N'Bàn phím Gaming MSI Force GK100 RGB Led', 0, 0, N'AVAILABLE', 15, 8, 4)
INSERT [dbo].[product] ([product_id], [created_date], [description], [description_details], [discount_percent], [main_image], [original_price], [price], [product_name], [rating], [sold_count], [status], [brand_id], [category_id], [supplier_id]) VALUES (31, CAST(N'2026-03-17T00:22:50.1342274' AS DateTime2), N'Bàn phím Gaming MSI Forge GK300 RGB LED đen sở hữu tính năng 26 key Anti-Ghosting giúp người chơi thực hiện nhiều thao tác mà không lo bị trễ khi sử dụng. Đèn LED RGB nhiều màu sẽ nâng cao thẩm mỹ của không gian cá nhân. Kết hợp với Blue Switch, mẫu bàn phím cơ này còn có khả năng hạn chế bụi khi dùng trong thời gian dài và mang tới âm thanh gõ phím vui tai.', N'<h2><strong>Bàn phím Gaming MSI Forge GK300 RGB LED đen - Đèn RGB sống động và đẹp mắt</strong></h2>
<p><strong>Bàn phím Gaming MSI Forge GK300 RGB LED sẽ phù hợp cho game thủ hay người dùng mong muốn có trải nghiệm chơi game ấn tượng. Với thiết kế hiện đại và tính năng nổi bật bạn sẽ có cảm giác dùng thoải mái.</strong></p>
<h3><strong>Đèn RGB sống động và đẹp mắt</strong></h3>
<p><strong>Bàn phím Gaming MSI Forge GK300 RGB LED đen sở hữu tính năng 26 key Anti-Ghosting giúp người chơi thực hiện nhiều thao tác mà không lo bị trễ khi sử dụng.&nbsp;Bên cạnh đó, MSI Forge Forge GK300 RGB LED được trang bị hệ thống đèn đèn LED RGB với các hiệu ứng ánh sáng, tạo ra không gian chiến game đầy màu sắc và sống động.</strong></p>
<p><strong><img src="https://cdn2.cellphones.com.vn/insecure/rs:fill:0:0/q:100/plain/https://cellphones.com.vn/media/wysiwyg/phu-kien/ban_phim/ban_phim_co/MSI/ban-phim-gaming-msi-forge-gk300-rgb-led-den-1.jpg" alt="Thiết kế, đèn nền của bàn phím Gaming MSI Forge GK300 RGB LED đen"></strong></p>
<h3><strong>Tối ưu trải nghiệm gõ phím với Blue Switch</strong></h3>
<p><strong>Bàn phím Gaming MSI Forge GK300 được trang bị bộ Blue Switch để có được trải nghiệm gõ phím chính xác, cùng tốc độ gõ nhanh. Đồng thời, bộ switch này vẫn tạo ra âm thanh khi gõ nhưng không quá ồn để không làm ảnh hưởng tới những người xung quanh.</strong></p>
<p><strong><img src="https://cdn2.cellphones.com.vn/insecure/rs:fill:0:0/q:100/plain/https://cellphones.com.vn/media/wysiwyg/phu-kien/ban_phim/ban_phim_co/MSI/ban-phim-gaming-msi-forge-gk300-rgb-led-den-2.jpg" alt="Switch của bàn phím Gaming MSI Forge GK300 RGB LED đen"></strong></p>', 25, N'https://pub-dd1bef83e9814f348c1ea975cca22e4f.r2.dev/elechoshop/others/c16d2e36-11f9-4d25-ac5c-e8af6cbf87c6_frame_427320808.webp', CAST(990000.00 AS Numeric(38, 2)), CAST(742500.00 AS Numeric(38, 2)), N'Bàn phím Gaming MSI Force GK300 RGB Led đen', 0, 0, N'AVAILABLE', 15, 8, 4)
INSERT [dbo].[product] ([product_id], [created_date], [description], [description_details], [discount_percent], [main_image], [original_price], [price], [product_name], [rating], [sold_count], [status], [brand_id], [category_id], [supplier_id]) VALUES (32, CAST(N'2026-03-17T00:25:51.9201935' AS DateTime2), N'Thẻ nhớ SanDisk Class 10 32GB 100MB/s – Thiết kế bền bỉ, truyền tải nhanh chóng
', N'<h2><strong>Thẻ nhớ SanDisk Class 10 32GB 100MB/s – Thiết kế bền bỉ, truyền tải nhanh chóng</strong></h2>
<p><strong>Ngày nay nhu cầu lưu trữ dữ liệu hình ảnh, tài liệu ngày càng cao ngày càng lớn, tuy nhiên bộ nhớ của thiết bị của bạn đang không đáp ứng đủ nhu cầu. Đừng lo lắng giải pháp dành cho bạn chính là hãy chọn ngay chiếc thẻ nhớ SanDisk Class 10 32GB 100MB/s với thiết kế nhỏ gọn, bền bỉ đặc biệt dung lượng lớn cùng khả năng đọc ghi sẽ làm bạn ấn tượng khi trải nghiệm.</strong></p>
<h3><strong>Thiết kế nhỏ gọn siêu bền, chống nước, chống nhiệt, chống sốc</strong></h3>
<p><a href="https://cellphones.com.vn/phu-kien/the-nho-usb-otg/the-nho.html"><strong>Thẻ nhớ SanDisk</strong></a><strong> Class 10 32GB 100MB/s đến từ thương hiệu nổi tiếng về các thiết bị phụ kiện chất lượng cao của Mỹ Sandisk. Sở hữu thiết kế cực kì nhỏ gọn được hoàn thiện từ chất liệu cao cấp giúp cho thẻ nhớ này cực kì bền bỉ khi đã vượt qua vô số bài kiểm tra thử nghiệm trong môi trường khắc nhiệt.</strong></p>
<p><strong>Với việc sở hữu thiết kế nhỏ gọn ngườ dùng có thể dễ dàng mang theo sử dụng ở bất cứ nơi nào một cách nhanh chóng mà không sợ bị chiếm nhiều diện tích.</strong></p>
<p><strong><img src="https://cdn2.cellphones.com.vn/insecure/rs:fill:0:0/q:100/plain/https://cellphones.com.vn/media/wysiwyg/accessories/memory_card/The-nho-SanDisk-Class-10-32GB-100MB_S.jpg" alt="Thiết kế nhỏ gọn siêu bền, chống nước, chống nhiệt, chống sốc"></strong></p>
<p><strong>Điểm vượt trội của chiếc thẻ nhớ này so với các sản phẩm khác trên thị trường đó chính là việc chiếc thẻ nhớ này hoàn toàn không thấm nước, có khả năng chống nhiệt, chống sốc, chống tia X-ray, và chống từ trường nam châm cực kì tốt.</strong></p>
<p><strong>Nhờ đó giúp dữ liệu của bạn luôn luôn được bảo vệ một cách an toàn nhất, bạn hoàn toàn có thể tin tưởng về chiếc thẻ nhớ SanDisk Class 10 32GB 100MB/s này khi sử dụng để lưu trữ dữ liệu của mình.</strong></p>
<h3><strong>Dung lượng 32GB, tốc độ đọc 100MB/s ghi 40 - 60 MB/s</strong></h3>
<p><strong>Điều người dùng quan tâm khi chọn mua một chiếc thẻ nhớ đó chính là dung lượng. Với chiếc thẻ nhớ này có dung lượng lên tới tận 32GB từ đó cho người dùng một không gian lưu trữ hình ảnh, dữ liệu cực kì thoải mái.</strong></p>
<p><strong>Nếu bạn thường xuyên phải lưu trữ dữ liệu thì chiếc thẻ nhớ này bạn không thể nào bỏ lỡ được. Đặc biệt với ứng dụng Memory Zone App bạn hoàn toàn có thể nhanh chóng xem, truy cập, sao lưu dữ liệu của mình.</strong></p>
<p><strong><img src="https://cdn2.cellphones.com.vn/insecure/rs:fill:0:0/q:100/plain/https://cellphones.com.vn/media/wysiwyg/accessories/memory_card/The-nho-SanDisk-Class-10-32GB-100MB_S-2.jpg" alt="Dung lượng 32GB, tốc độ đọc 100MB/s ghi 40 - 60 MB/s"></strong></p>
<p><strong>Không chỉ thế, tốc độ đọc của thẻ lên tới 100MB/s vượt mặt rất nhiều đối thủ khác trên thị trường hiện nay. Chiếc thẻ nhớ này cho phép người dùng có thể dễ dàng truyền tải hình ảnh có độ phân giải cao với thời gian được rút ngắn đáng kể.</strong></p>
<p><strong>Tốc độ ghi của SanDisk Class 10 32GB 100MB/s lên tới 40 - 60 MB/s, đặc biệt nhất vẫn là việc còn hỗ trợ load ứng dụng cực nhanh với chuẩn tốc độ A1 cho tốc độ khởi chạy cực kì nhanh chóng, hiệu suất cực kì cao. Bạn hoàn toàn có thể quay phim hay phát video Full HD mà không hề bỏ lỡ bất cứ một khung hình nào khi sở hữu tốc độ chuẩn Class 10.</strong></p>', 20, N'https://pub-dd1bef83e9814f348c1ea975cca22e4f.r2.dev/elechoshop/others/e745422d-d074-4347-b2b1-2c9ddea5a623_the-nho-sandisk-64gb-class-10-100mbs_2.webp', CAST(390000.00 AS Numeric(38, 2)), CAST(312000.00 AS Numeric(38, 2)), N'Thẻ nhớ SanDisk Class 10 64GB 100MB/s', 0, 0, N'AVAILABLE', 16, 11, 4)
INSERT [dbo].[product] ([product_id], [created_date], [description], [description_details], [discount_percent], [main_image], [original_price], [price], [product_name], [rating], [sold_count], [status], [brand_id], [category_id], [supplier_id]) VALUES (33, CAST(N'2026-03-17T00:27:13.4272573' AS DateTime2), N'Thẻ nhớ Micro SDXC Sandisk Extreme V30 A2 200MB/S 256GB - Lưu trữ mọi khoảnh khắc
', N'<h2><strong>Thẻ nhớ Micro SDXC Sandisk Extreme V30 A2 200MB/S 256GB - Lưu trữ mọi khoảnh khắc</strong></h2>
<p><strong>Thẻ nhớ Micro SDXC Extreme Pro V30 A2 200MB/S 256GB là một trong những phiên bản đến từ nhà SanDisk nổi tiếng về chất lượng của mỗi sản phẩm. Chỉ qua một chiếc </strong><a href="https://cellphones.com.vn/phu-kien/the-nho-usb-otg/the-nho.html" title="Thẻ nhớ"><strong>thẻ nhớ</strong></a><strong> “nhỏ nhắn” bạn có thể chứa đựng mọi thông tin vào trong thế giới của riêng bạn.</strong></p>
<h3><strong>Thiết kế nhỏ gọn, tương thích những dòng thiết bị mới nhất</strong></h3>
<p><strong>Hãng SanDisk luôn đề cao chất lượng của mỗi sản phẩm nhằm chinh phục nhu cầu người tiêu dùng. Thẻ nhớ Micro SDXC Extreme Pro V30 A2 200MB/S thừa hưởng thiết kế nhỏ gọn nhằm tiết kiệm tối ưu không gian của bạn. Đặc biệt, đối với những thiết bị điện tử mới nhất như GoPro Hero, Hero3 +, máy ảnh MIL, các loại Flycam …chiếc thẻ nhớ của nhà SanDisk cho phép bạn kết nối mọi lúc với thiết bị thông minh một cách dễ dàng, thậm chí trong môi trường khắc nghiệt.</strong></p>
<p><strong><img src="https://cdn2.cellphones.com.vn/insecure/rs:fill:0:0/q:100/plain/https://cellphones.com.vn/media/wysiwyg/phu-kien/the-nho/256GB/the-nho-micro-sdxc-sandisk-extreme-pro-v30-a2-256gb-200mbs-2-compressed.jpg" alt="Thẻ nhớ Micro SDXC Sandisk Extreme V30 A2 200MB/S 256GB"></strong></p>
<h3><strong>Khôi phục dữ liệu dễ dàng, mở rộng phạm vi lưu trữ</strong></h3>
<p><strong>Kèm theo thẻ nhớ Micro SDXC Extreme Pro V30 A2 200MB/S là bản quyền 1 năm phần mềm RescuePRO, giúp bạn khôi phục lại toàn bộ tập tin dữ liệu đã bị xóa qua một vài thao tác đơn giản ngay cả khi các file đã bị mất thời gian dài.&nbsp;</strong></p>
<p><strong><img src="https://cdn2.cellphones.com.vn/insecure/rs:fill:0:0/q:100/plain/https://cellphones.com.vn/media/wysiwyg/phu-kien/the-nho/256GB/the-nho-micro-sdxc-sandisk-extreme-pro-v30-a2-256gb-200mbs-1-compressed.jpg" alt="Thẻ nhớ Micro SDXC Sandisk Extreme V30 A2 200MB/S 256GB"></strong></p>
<p><strong>Tốc độ đọc lên đến 200MB/s kết hợp tốc độ ghi 140MB/s cực nhanh giúp bạn tiết kiệm tối đa thời gian, đáp ứng nhu cầu chụp ảnh chuyển động nhanh và liên tục với chất lượng ảnh 4K sắc nét trong từng thước phim. Điều đó giúp thẻ nhớ Micro SDXC Extreme Pro V30 A2 200MB/S chiếm trọn ưu thế trên thị trường. Đến với phạm vi lưu trữ lên đến 256GB, bạn có thể tự do lưu trữ mọi nội dung, chụp ảnh thả ga qua mọi ứng dụng với hiệu suất mượt mà, mạnh mẽ.</strong></p>', 10, N'https://pub-dd1bef83e9814f348c1ea975cca22e4f.r2.dev/elechoshop/others/5c5a91db-fcbc-4bea-91fa-43245ef68593_128.webp', CAST(1850000.00 AS Numeric(38, 2)), CAST(1665000.00 AS Numeric(38, 2)), N'Thẻ nhớ Micro SDXC Sandisk Extreme Pro V30 A2 200MB/S 256GB', 0, 0, N'AVAILABLE', 16, 11, 4)
INSERT [dbo].[product] ([product_id], [created_date], [description], [description_details], [discount_percent], [main_image], [original_price], [price], [product_name], [rating], [sold_count], [status], [brand_id], [category_id], [supplier_id]) VALUES (34, CAST(N'2026-03-17T00:31:07.0497545' AS DateTime2), N'Chuột gaming không dây Aula SC800 được trang bị tới 3 chế độ có dây, Bluetooth và Wireless để hỗ trợ kết nối một cách linh hoạt với nhiều loại thiết bị. Mẫu chuột Aula này còn có thể điều chỉnh độ nhạy lên tới 26000 DPI để phù hợp nhiều nhu cầu. Viên pin 250mAh cho phép chuột Aula SC800 hoạt động liên tục trong nhiều giờ.

', N'<h2><strong>Chuột gaming không dây Aula SC800 - Kết nối linh hoạt, độ nhạy cao</strong></h2>
<p><strong>Aula SC800 là mẫu chuột không dây được thiết kế để phục vụ cho đa dạng các nhu cầu. Với sự linh hoạt đó, mẫu </strong><a href="https://cellphones.com.vn/phu-kien/chuot-ban-phim-may-tinh/chuot/aula.html" title="chuột Aula chính hãng"><strong>chuột Aula</strong></a><strong> này phù hợp sử dụng tại nhà để người dùng có thể vừa làm việc từ xa vừa chơi game mà không bị gián đoạn.</strong></p>
<h3><strong>Đa dạng chế độ kết nối</strong></h3>
<p><strong>Chuột gaming không dây Aula SC800 được tích hợp tới 3 chế độ kết nối nhằm mang tới sự tiện lợi cho người dùng. Sản phẩm được tích hợp đồng thời chế độ Bluetooth và Wireless để hỗ trợ kết nối không dây với các thiết bị.</strong></p>
<p><strong><em><img src="https://cdn2.cellphones.com.vn/insecure/rs:fill:0:0/q:100/plain/https://cellphones.com.vn/media/wysiwyg/phu-kien/chuot/Aula/Chuot-gaming-khong-day-aula-sc800-1.jpg" alt="Kết nối chuột gaming không dây Aula SC800">Kết nối tiện lợi nhờ 3 chế độ</em></strong></p>
<p><strong>Ngoài 2 chế độ không dây, Aula SC800 còn có thêm chế độ kết nối có dây để mang tới khả năng sử dụng linh hoạt. Điều này giúp sản phẩm có thể sử dụng trên các mẫu máy tính không hỗ trợ kết nối không dây hoặc sử dụng trong quá trình sạc pin.</strong></p>
<h3><strong>Điều chỉnh DPI linh hoạt</strong></h3>
<p><strong>Chuột gaming không dây Aula SC800 sở hữu độ nhạy cao khi có điều chỉnh linh hoạt giữa các mức 400/ 800/ 1200/ 1600/ 3200/ 5000 DPI. Nhờ vậy, người dùng có thể dễ dàng thay đổi để phù hợp cho từng nhu cầu, mục đích.</strong></p>
<p><strong><em><img src="https://cdn2.cellphones.com.vn/insecure/rs:fill:0:0/q:100/plain/https://cellphones.com.vn/media/wysiwyg/phu-kien/chuot/Aula/Chuot-gaming-khong-day-aula-sc800-2.jpg" alt="Chuột gaming không dây Aula SC800 chỉnh DPI linh hoạt">Độ nhạy cao lên tới 26000 DPI</em></strong></p>
<p><strong>Ngoài ra, Aula còn cho phép người dùng có thể điều chỉnh DPI của chuột lên tới 26000 DPI trong phần mềm điều khiển. Khả năng mở rộng độ nhạy này giúp Aula SC800 phù hợp cho cả nhu cầu chơi game chuyên nghiệp của người dùng.</strong></p>', 15, N'https://pub-dd1bef83e9814f348c1ea975cca22e4f.r2.dev/elechoshop/others/db8662a4-3d01-4d11-946f-1605aa8dda75_chuot-gaming-khong-day-aula-sc800_1.webp', CAST(1300000.00 AS Numeric(38, 2)), CAST(1105000.00 AS Numeric(38, 2)), N'Chuột gaming không dây Aula SC800', 0, 0, N'AVAILABLE', 13, 8, 4)
INSERT [dbo].[product] ([product_id], [created_date], [description], [description_details], [discount_percent], [main_image], [original_price], [price], [product_name], [rating], [sold_count], [status], [brand_id], [category_id], [supplier_id]) VALUES (35, CAST(N'2026-03-17T00:32:49.2535715' AS DateTime2), N'Bàn phím Bluetooth Logitech K580 hiện đại, tối ưu hoá không gian', N'<h2><strong>Bàn phím Bluetooth Logitech K580 hiện đại, tối ưu hoá không gian</strong></h2>
<p><a href="https://cellphones.com.vn/phu-kien/chuot-ban-phim-may-tinh/ban-phim/ban-phim-khong-day.html" title="bàn phím không dây"><strong>Bàn phím không dây</strong></a><strong> là sản phẩm của công nghệ hiện đại ngày nay giúp mang đến tính thẩm mĩ, sự thuận tiện tối đa cho người dùng. Một trong những thiết kế mà bạn không nên bỏ qua đó chính là bàn phím bluetooth Logitech K580.</strong></p>
<h3><strong>Thiết kế siêu mỏng, full size với 101 nút bấm</strong></h3>
<p><a href="https://cellphones.com.vn/ban-phim-khong-day-logitech-k580.html" title="Logitech K580"><strong>Bàn phím bluetooth Logitech K580</strong></a><strong> được thiết kế vô cùng hiện đại và tinh tế. Kích thước chỉ 37.35 x 14.39 x 2.13cm cùng với sự bo tròn mềm mại ở các góc giúp cho bàn phím trở nên mỏng nhẹ và sang trọng hơn rất nhiều. Bên cạnh đó, thiết kế góc nghiêng mang đến cảm giác thoải mái ngay cả khi sử dụng trong nhiều giờ liền.</strong></p>
<p><strong><img src="https://cdn2.cellphones.com.vn/insecure/rs:fill:0:0/q:100/plain/https://cellphones.com.vn/media/wysiwyg/accessories/Ban-phim-bluetooth-logitech-k580-1_.jpg" alt="Bàn phím Bluetooth Logitech K580"></strong></p>
<p><strong>Bàn phím được thiết kế full size với 101 phím bấm chứa đầy đủ 15 phím chức năng FN và bàn phím số. Tuy nhiên với sự sắp xếp khoa học và thông minh chỉ cần chạm nhẹ là người dùng có thể cảm nhận được độ nảy của phím. Từ đó mang đến hiệu suất làm việc tốt hơn và êm ái hơn.</strong></p>
<h3><strong>Kết nối không dây nhanh chóng, dung lượng pin tới 24 tháng</strong></h3>
<p><a href="https://cellphones.com.vn/phu-kien/chuot-ban-phim-may-tinh/ban-phim/logitech.html" title="Bàn phím Logitech"><strong>Bàn phím Logitech</strong></a><strong> được trang bị công nghệ kết nối không dây. Bạn có thể dễ dàng kết nối thông qua bluetooth hoặc bộ thu không dây USB Logitech Unifying. Đặc biệt hơn là bạn có thể kết nối nhanh chóng thông qua EASY-SWITCH để sử dụng trên máy tính, điện thoại hoặc là máy tính bảng.</strong></p>
<p><strong><img src="https://cdn2.cellphones.com.vn/insecure/rs:fill:0:0/q:100/plain/https://cellphones.com.vn/media/wysiwyg/accessories/Ban-phim-bluetooth-logitech-k580-2_.jpg" alt="Bàn phím Bluetooth Logitech K580"></strong></p>
<p><strong>Một điểm ấn tượng trên thiết bị là dung lượng pin có thể sử dụng tới 24 tháng. Bàn phím sử dụng 2 pin AA kết hợp với chế độ ngủ tự động giúp tiết kiệm tối đa năng lượng.</strong></p>
<p><br></p>', 10, N'https://pub-dd1bef83e9814f348c1ea975cca22e4f.r2.dev/elechoshop/others/6d5d7713-a1c4-4deb-8f02-a4f1277751d5_ban-phim-khong-day-logitech-k580-1_1.webp', CAST(1190000.00 AS Numeric(38, 2)), CAST(1071000.00 AS Numeric(38, 2)), N'Bàn phím Bluetooth Logitech K580', 0, 0, N'AVAILABLE', 8, 8, 5)
INSERT [dbo].[product] ([product_id], [created_date], [description], [description_details], [discount_percent], [main_image], [original_price], [price], [product_name], [rating], [sold_count], [status], [brand_id], [category_id], [supplier_id]) VALUES (36, CAST(N'2026-03-17T00:34:28.7780712' AS DateTime2), N'Bàn phím cơ AULA S2022 Blue Switch là một sản phẩm bàn phím AULA đáng tin cậy với độ bền vượt trội, tuổi thọ phím lên đến 60 triệu lần bấm. Sản phẩm kết nối thông qua dây cắm USB 2.0, mang lại sự ổn định và mượt mà. Hiệu ứng đèn nền LED Rainbow với nhiều chế độ tùy chỉnh khác nhau tạo ra không gian chơi game sôi động và thú vị. Sử dụng blue switch, bàn phím có âm thanh clicky đúng chuẩn và cảm giác gõ phím rõ ràng.

', N'<h2><strong>Bàn phím cơ AULA S2022 Blue Switch – Trải nghiệm gõ phím thoải mái</strong></h2>
<p><strong>Bàn phím cơ AULA S2022 Blue Switch là sản phẩm bàn phím cơ có đèn LED cùng switch chất lượng cao. Bàn phím mang lại cho người dùng những trải nghiệm gõ thoải mái và bền bỉ.</strong></p>
<h3><strong>Blue Switch vui tai, lực nhấn 50g</strong></h3>
<p><strong>AULA S2022 sử dụng Blue Switch nổi tiếng với cảm giác gõ phím clicky và âm thanh đặc trưng. Khi nhấn xuống, người dùng có thể cảm nhận một cú nhấn rõ ràng và có tiếng click.&nbsp;</strong></p>
<p><strong><img src="https://cdn2.cellphones.com.vn/insecure/rs:fill:0:0/q:100/plain/https://cellphones.com.vn/media/wysiwyg/phu-kien/Ban-phim/Aula/ban-phim-co-aula-s2022-blue-switch-2.jpg" alt="Bàn phím AULA S2022 Blue Switch"></strong></p>
<p><strong>Điều này không chỉ tạo ra cảm giác gõ phím thú vị mà còn giúp người dùng nhận biết rõ ràng mỗi lần nhấn phím. Blue Switch cũng có lực nhấn 50g, tương đối nhạy và dễ dàng điều khiển.</strong></p>
<h3><strong>Kết nối có dây tiện lợi, không sợ hết pin</strong></h3>
<p><strong>Bàn phím cơ AULA S2022 Blue Switch được kết nối thông qua dây cắm USB 2.0. Kết nối USB cung cấp đường truyền tín hiệu tin cậy và nhanh chóng, giúp truyền dữ liệu một cách hiệu quả.</strong></p>
<p><strong><img src="https://cdn2.cellphones.com.vn/insecure/rs:fill:0:0/q:100/plain/https://cellphones.com.vn/media/wysiwyg/phu-kien/Ban-phim/Aula/ban-phim-co-aula-s2022-blue-switch-1.jpg" alt="Kết nối bàn phím AULA S2022 Blue Switch"></strong></p>
<p><strong>Với tốc độ truyền dữ liệu cao, bạn có thể trải nghiệm gõ phím mượt mà và không gặp độ trễ. Đơn giản chỉ cần cắm dây USB vào cổng USB trên máy tính và bàn phím sẽ được kết nối tức thì.</strong></p>', 30, N'https://pub-dd1bef83e9814f348c1ea975cca22e4f.r2.dev/elechoshop/others/d06ac685-fec8-43c6-8aa2-09a2e0ff5cd1_frame_516_4.webp', CAST(790000.00 AS Numeric(38, 2)), CAST(553000.00 AS Numeric(38, 2)), N'Bàn phím cơ Aula S2022 Blue Switch', 0, 0, N'AVAILABLE', 13, 8, 4)
INSERT [dbo].[product] ([product_id], [created_date], [description], [description_details], [discount_percent], [main_image], [original_price], [price], [product_name], [rating], [sold_count], [status], [brand_id], [category_id], [supplier_id]) VALUES (37, CAST(N'2026-03-17T00:35:56.3006705' AS DateTime2), N'K250 xám là bàn phím Bluetooth Logitech sở hữu thiết kế nhỏ gọn với chiều dài 369.9 mm cùng công nghệ Bluetooth hiện đại, giúp kết nối dễ dàng và ổn định. Với trọng lượng nhẹ 380g và pin AAA đi kèm, bàn phím này mang đến sự linh hoạt tối đa trong quá trình sử dụng. Ngoài ra, mẫu bàn phím Logitech còn được hoàn thiện từ nhựa tái chế thân thiện với môi trường.

', N'<h2><strong>Bàn phím Bluetooth Logitech K250 xám – Nhỏ gọn, bền bỉ và dễ dàng kết nối</strong></h2>
<p><strong>K250 xám là loại&nbsp;</strong><a href="https://cellphones.com.vn/phu-kien/chuot-ban-phim-may-tinh/ban-phim/ban-phim-khong-day.html" title="Bàn phím không dây bluetooth"><strong>bàn phím bluetooth</strong></a><strong> được thiết kế tối ưu cho không gian làm việc hiện đại, nơi tính tiện dụng và sự linh hoạt luôn được ưu tiên hàng đầu. Logitech K250 hội tụ đầy đủ yếu tố cần thiết từ kiểu dáng đến hiệu năng nhằm đáp ứng tốt nhu cầu sử dụng hàng ngày.</strong></p>
<h3><strong>Thiết kế nhỏ gọn, thân thiện môi trường</strong></h3>
<p><strong>Logitech K250 xám là mẫu </strong><a href="https://cellphones.com.vn/phu-kien/chuot-ban-phim-may-tinh/ban-phim.html" title="Bàn phím rời cho laptop, pc"><strong>bàn phím rời</strong></a><strong>&nbsp;sở hữu kiểu dáng nhỏ gọn với chiều dài 369.9 mm, dễ dàng bố trí trên bàn làm việc hoặc mang theo khi di chuyển. Trọng lượng chỉ 380 g giúp thiết bị trở nên linh hoạt hơn mà không làm giảm đi sự ổn định khi sử dụng.&nbsp;</strong></p>
<p><strong><img src="https://cdn2.cellphones.com.vn/insecure/rs:fill:0:0/q:100/plain/https://cellphones.com.vn/media/wysiwyg/phu-kien/Ban-phim/Logitech/ban-phim-bluetooth-logitech-k250-xam-1.jpg" alt="Thiết kế Bàn phím Bluetooth Logitech K250 xám"></strong></p>
<p><strong>Ngoài ra, phần chân nghiêng tích hợp giúp tạo góc gõ 7 độ, mang lại trải nghiệm gõ phím tự nhiên và thoải mái hơn. Không chỉ tiện lợi, bàn phím còn thân thiện môi trường với phần vỏ làm từ 74% nhựa tái chế – góp phần giảm rác thải nhựa và bảo vệ môi trường.</strong></p>
<h3><strong>Kết nối Bluetooth hiện đại, tương thích đa nền tảng</strong></h3>
<p><strong>Sử dụng công nghệ Bluetooth thế hệ mới, bàn phím Bluetooth Logitech K250 xám cho phép kết nối nhanh mà không cần đầu thu USB, giải phóng cổng kết nối cho thiết bị khác. Chỉ với thao tác nhấn giữ nút nguồn, người dùng có thể ghép cặp dễ dàng trong phạm vi 10m, đảm bảo kết nối ổn định và liền mạch.&nbsp;</strong></p>
<p><strong><img src="https://cdn2.cellphones.com.vn/insecure/rs:fill:0:0/q:100/plain/https://cellphones.com.vn/media/wysiwyg/phu-kien/Ban-phim/Logitech/ban-phim-bluetooth-logitech-k250-xam-2.jpg" alt="Két nối Bàn phím bluetooth Logitech K250 xám"></strong></p>
<p><strong>Thiết bị tương thích với nhiều hệ điều hành như Windows 10 trở lên, macOS 12, iOS, Android và cả Linux, đáp ứng nhu cầu làm việc đa nền tảng của người dùng hiện đại. Thiết bị sử dụng 2 viên pin AAA, cho thời lượng hoạt động lên đến 12 tháng. Nhờ đó, người dùng không cần thay pin thường xuyên, nâng cao hiệu quả sử dụng lâu dài.</strong></p>', 10, N'https://pub-dd1bef83e9814f348c1ea975cca22e4f.r2.dev/elechoshop/others/9706deb4-2024-478d-8c41-5c2a3c286f66_frame_379_2025-06-16t162800.729.webp', CAST(449000.00 AS Numeric(38, 2)), CAST(404100.00 AS Numeric(38, 2)), N'Bàn phím Bluetooth Logitech K250', 0, 0, N'AVAILABLE', 8, 8, 4)
INSERT [dbo].[product] ([product_id], [created_date], [description], [description_details], [discount_percent], [main_image], [original_price], [price], [product_name], [rating], [sold_count], [status], [brand_id], [category_id], [supplier_id]) VALUES (38, CAST(N'2026-03-17T00:38:57.0658049' AS DateTime2), N'Loa JBL Flip 6 - Mang đến không gian âm thanh tuyệt vời
', N'<h3><strong>Kiểu dáng nhỏ gọn thời trang, thời lượng hoạt động ấn tượng</strong></h3>
<p><strong>JBL Flip 6 có thiết kế mang tính di động cao, đảm bảo thuận tiện để bạn mang đến bất kỳ đâu và tận hưởng âm nhạc yêu thích mọi lúc mọi nơi. Loa sở hữu kiểu dáng thanh lịch cùng gam màu trẻ trung.&nbsp;JBL Flip 6 sở hữu tới 6 phiên bản màu sắc khau nhau lần lượt là hồng, xanh (Lục - lá cây - da trời), trắng, đỏ, xám, đen.</strong></p>
<p><strong><img src="https://cdn2.cellphones.com.vn/insecure/rs:fill:0:0/q:100/plain/https://cellphones.com.vn/media/wysiwyg/Loa/JBL/loa-bluetooth-jbl-flip-6-4.jpg" alt="Kiểu dáng nhỏ gọn thời trang, thời lượng hoạt động ấn tượng"></strong></p>
<p><a href="https://cellphones.com.vn/thiet-bi-am-thanh/loa/jbl.html"><strong>Loa JBL</strong></a><strong>&nbsp;này được trang bị một viên pin cho thời lượng hoạt động lên đến 12 tiếng. Nhờ đó, dù ở bất kỳ đâu bạn cũng có thể lắng nghe những giai điệu trong bộ sưu tập thoải mái mà không lo gián đoạn.</strong></p>
<h3><strong>Hệ thống loa hai chiều, âm thanh mạnh mẽ</strong></h3>
<p><strong>JBL Flip 6 được trang bị hệ thống loa hai chiều giúp mang lại âm thanh lớn và đầy uy lực. Thiết kế&nbsp;dải loa woofer đường vòng đua mang lại âm trung trọn vẹn, âm cao trong, âm trầm sâu lắng.<br></strong></p>
<p><strong><img src="https://cdn2.cellphones.com.vn/insecure/rs:fill:0:0/q:100/plain/https://cellphones.com.vn/media/wysiwyg/Loa/JBL/loa-bluetooth-jbl-flip-6-1.jpg" alt="Loa JBL Flip 6 - Mang đến không gian âm thanh tuyệt vời"></strong></p>
<p><strong>JBL Flip 6 mang đến trải nghiệm âm thanh tuyệt vời nhờ subwoofer dạng racetrack, bao gồm 2 loa bass thụ động và 1 tweeter tách rời, cung cấp chất âm có độ sâu, đầy sống động để lan tỏa đến bạn nguồn năng lượng mạnh mẽ, nâng cao cảm giác đắm chìm khi nghe nhạc.</strong></p>
<p><strong>Loa bluetooth không dây </strong><a href="https://cellphones.com.vn/loa-bluetooth-jbl-flip-7.html"><strong>JBL Flip 7</strong></a><strong> với công nghệ âm thanh&nbsp;AI Sound Boost hiện đại, kết hợp với công suất âm thanh 35W và dung lượng pin sử dụng đến&nbsp;14 giờ, cho trải nghiệm âm nhạc liền mạch, trọn vẹn.</strong></p>
<p><strong><img src="https://cdn2.cellphones.com.vn/insecure/rs:fill:0:0/q:100/plain/https://cellphones.com.vn/media/wysiwyg/Loa/JBL/loa-bluetooth-jbl-flip-6-3.jpg" alt="Loa JBL Flip 6 - Mang đến không gian âm thanh tuyệt vời"></strong></p>
<h3><strong>Chống nước chống bụi IP67 tiện lợi</strong></h3>
<p><strong>Loa JBL Flip 6 được hỗ trợ chuẩn chống nước kháng bụi IP67, đảm bảo mọi trải nghiệm nghe nhạc bất tận của người dùng mà không phải lo ngại về độ bền của loa, người dùng có thể thoải mái sử dụng trong mọi không gian từ trong nhà đến bển bơi.</strong></p>
<p><strong>JBL Flip 6 hứa hẹn là chiếc </strong><a href="https://cellphones.com.vn/thiet-bi-am-thanh/loa/loa-bluetooth.html" title="Loa bluetooth chính hãng, giá tốt"><strong>loa bluetooth</strong></a><strong> chất lượng cao cấp, mang đến trải nghiệm kết nối hoàn hảo khi sở hữu công nghệ Bluetooth chuẩn 5.1 hỗ trợ kết nối với đường truyền ổn định và nhanh chóng.</strong></p>
<p><strong><img src="https://cdn2.cellphones.com.vn/insecure/rs:fill:0:0/q:100/plain/https://cellphones.com.vn/media/wysiwyg/Loa/JBL/loa-bluetooth-jbl-flip-6-2.jpg" alt="Chống nước chống bụi IP67 tiện lợi"></strong></p>', 10, N'https://pub-dd1bef83e9814f348c1ea975cca22e4f.r2.dev/elechoshop/others/271300e3-b000-41cb-a9f3-2531e9f848e5_jbl_flip_6_12.webp', CAST(2500000.00 AS Numeric(38, 2)), CAST(2250000.00 AS Numeric(38, 2)), N'Loa Bluetooth JBL Flip 6', 0, 0, N'AVAILABLE', 17, 9, 4)
INSERT [dbo].[product] ([product_id], [created_date], [description], [description_details], [discount_percent], [main_image], [original_price], [price], [product_name], [rating], [sold_count], [status], [brand_id], [category_id], [supplier_id]) VALUES (39, CAST(N'2026-03-17T00:40:48.0906988' AS DateTime2), N'Loa bluetooth JBL Charge 6 sở hữu kích thước nhỏ gọn và trọng lượng nhẹ chưa đến 1kg, công nghệ AI Sound Boost giúp âm thanh rõ ràng và mạnh mẽ hơn. Loa hỗ trợ kết nối bluetooth 5.4, khả năng phát nhạc lên đến 28 giờ và trang bị tính năng sạc nhanh tiện lợi. Loa đạt chuẩn kháng nước và bụi IP68, có thể sạc thiết bị di động qua USB-C và hỗ trợ kết nối đa loa.

', N'<h2><strong>Vì sao nên mua loa&nbsp;JBL Charge 6?</strong></h2>
<p><strong>JBL Charge 6 sở hữu nhiều tính năng nổi bật, hứa hẹn mang lại cho người dùng những trải nghiệm giải trí tối ưu như:</strong></p>
<ul>
 <li>
  <p><strong>AI Sound Boost: Giúp âm thanh to, rõ cùng tính năng ghép nối loa&nbsp;Auracast</strong></p></li>
 <li>
  <p><strong>Kết nối&nbsp;app JBL Portable: Tùy chỉnh EQ theo sở thích cá nhân</strong></p></li>
 <li>
  <p><strong>Pin&nbsp;Li-ion polymer 34 Wh: Thỏa sức giả trí đến 24 giờ</strong></p></li>
</ul>
<p><strong><img src="https://cdn2.cellphones.com.vn/insecure/rs:fill:0:0/q:100/plain/https://cellphones.com.vn/media/wysiwyg/Am-thanh/Loa/JBL/loa-bluetooth-jbl-charge-6-1_2.jpg" alt="Vì sao nên mua loa JBL Charge 6"><img src="https://cdn2.cellphones.com.vn/insecure/rs:fill:0:0/q:100/plain/https://cellphones.com.vn/media/wysiwyg/Am-thanh/Loa/JBL/loa-bluetooth-jbl-charge-6-2_2.jpg" alt="So sánh JBL Charge 6 với JBL Charge 5"></strong></p>
<h2><strong>Loa JBL Charge 6 – Âm bass mạnh mẽ, thiết kế bền bỉ</strong></h2>
<p><strong>Loa bluetooth JBL Charge 6 tiếp tục khẳng định vị thế của dòng sản phẩm </strong><a href="https://cellphones.com.vn/thiet-bi-am-thanh/loa/jbl.html" title="Loa JBL chính hãng, giá tốt"><strong>loa JBL</strong></a><strong> với những cải tiến đáng chú ý. Thiết bị này hứa hẹn mang đến trải nghiệm âm thanh di động mạnh mẽ cùng thời lượng pin ấn tượng.</strong></p>
<h3><strong>Công suất mạnh mẽ và công nghệ tiên tiến</strong></h3>
<p><strong>JBL Charge 6 được trang bị hệ thống âm thanh gồm woofer 53x93 mm và tweeter 20 mm, mang lại công suất đầu ra 30W RMS cho woofer và 10W RMS cho tweeter. Nhờ thiết kế loa hai dải tần riêng biệt, mang đến âm thanh mạnh mẽ với dải bass sâu, trung âm rõ ràng.</strong></p>
<p><strong><img src="https://cdn2.cellphones.com.vn/insecure/rs:fill:0:0/q:100/plain/https://cellphones.com.vn/media/wysiwyg/Am-thanh/Loa/JBL/loa-bluetooth-jbl-charge-6-3_1.jpg" alt="Công suất loa bluetooth JBL Charge 6"></strong></p>
<p><strong>Công nghệ JBL Pro Sound kết hợp cùng AI Sound Boost giúp phân tích nhạc theo thời gian thực, tối ưu chất lượng âm thanh trong mọi điều kiện sử dụng. Tính năng này giúp loa thể hiện được độ chi tiết cao, hạn chế hiện tượng méo tiếng khi mở âm lượng lớn. Tính năng rất phù hợp cho nhiều thể loại nhạc khác nhau, giúp người dùng có được bữa tiệc như ý.</strong></p>
<h3><strong>Thiết kế hiện đại và màu sắc trẻ trung</strong></h3>
<p><strong>Loa bluetooth JBL Charge 6 giữ nguyên kiểu dáng hình trụ quen thuộc nhưng được tinh chỉnh nhẹ để mang lại cảm giác cứng cáp và hiện đại hơn. Bề mặt phủ vải dệt cùng các chi tiết cao su bọc viền giúp tăng khả năng chịu lực và bảo vệ linh kiện bên trong hiệu quả.</strong></p>
<p><strong><img src="https://cdn2.cellphones.com.vn/insecure/rs:fill:0:0/q:100/plain/https://cellphones.com.vn/media/wysiwyg/Am-thanh/Loa/JBL/loa-bluetooth-jbl-charge-6-4_1.jpg" alt="Thiết kế loa bluetooth JBL Charge 6"></strong></p>
<p><strong>Sản phẩm có nhiều tùy chọn màu sắc trẻ trung, đáp ứng phong cách đa dạng của người dùng. Ngoài ra, thiết kế tay cầm có thể tháo rời tiện dụng cũng giúp Charge 6 dễ dàng di chuyển, phù hợp cho những chuyến du lịch hoặc hoạt động ngoài trời.</strong></p>
<h3><strong>Trải nghiệm linh hoạt với Auracast</strong></h3>
<p><strong>Loa được trang bị khả năng kết nối đa loa Auracast™, cho phép kết nối không dây với nhiều loa JBL hỗ trợ cùng lúc. Tính năng này giúp mở rộng không gian âm thanh, thích hợp cho các bữa tiệc hoặc sự kiện ngoài trời.</strong></p>
<p><strong><img src="https://cdn2.cellphones.com.vn/insecure/rs:fill:0:0/q:100/plain/https://cellphones.com.vn/media/wysiwyg/Am-thanh/Loa/JBL/loa-bluetooth-jbl-charge-6-9.jpg" alt="Kết nối loa bluetooth JBL Charge 6"></strong></p>
<p><strong>JBL Charge 6 còn hỗ trợ phát nhạc lossless thông qua kết nối USB-C, đem đến chất lượng âm thanh cao hơn khi dùng với các nguồn phát tương thích. Tính năng này được cập nhật qua ứng dụng JBL Portable để đảm bảo trải nghiệm nghe nhạc luôn ở trạng thái tối ưu.</strong></p>
<h3><strong>Thời lượng pin bền bỉ cho cả ngày dài</strong></h3>
<p><strong>Loa bluetooth JBL Charge 6 sử dụng viên pin Li-ion polymer 34Wh, cho khả năng phát nhạc liên tục trong khoảng 24 giờ. Khi kích hoạt chế độ Playtime Boost, thời lượng sử dụng có thể tăng thêm 4 giờ, rất thích hợp cho những dịp tụ họp kéo dài.</strong></p>
<p><strong><img src="https://cdn2.cellphones.com.vn/insecure/rs:fill:0:0/q:100/plain/https://cellphones.com.vn/media/wysiwyg/Am-thanh/Loa/JBL/loa-bluetooth-jbl-charge-6-8.jpg" alt="Pin loa bluetooth JBL Charge 6"></strong></p>
<p><strong>Ngoài ra, sản phẩm hỗ trợ sạc nhanh, chỉ cần 10 phút sạc có thể mang lại thêm khoảng 150 phút chơi nhạc. Thời gian sạc đầy toàn bộ pin cũng khá nhanh, khoảng 3 giờ qua cổng USB-C, giúp tiết kiệm thời gian cho người dùng.</strong></p>
<h3><strong>Khả năng kháng nước và chống bụi đạt chuẩn IP68</strong></h3>
<p><strong>JBL Charge 6 đạt chuẩn kháng nước và chống bụi IP68, cho phép hoạt động tốt trong môi trường khắc nghiệt như bãi biển, hồ bơi hoặc các khu vực bụi bặm. Với khả năng chịu nước ở độ sâu 1,5 mét trong vòng 30 phút, loa đảm bảo an toàn trong các tình huống bất ngờ.</strong></p>
<p><strong><img src="https://cdn2.cellphones.com.vn/insecure/rs:fill:0:0/q:100/plain/https://cellphones.com.vn/media/wysiwyg/Am-thanh/Loa/JBL/loa-bluetooth-jbl-charge-6-6_1.jpg" alt="Kháng nước loa bluetooth JBL Charge 6"></strong></p>
<p><strong>Ngoài khả năng kháng nước, Charge 6 cũng có độ bền cơ học cao, chịu được va đập khi rơi từ độ cao khoảng 1 mét. Điều này làm tăng độ tin cậy khi sử dụng trong các chuyến phiêu lưu hoặc hoạt động ngoài trời.</strong></p>
<h3><strong>Kết nối bluetooth 5.4 ổn định và linh hoạt</strong></h3>
<p><strong>Loa bluetooth JBL Charge 6 được trang bị công nghệ bluetooth 5.4 mới, mang lại khả năng kết nối ổn định, tốc độ truyền tải nhanh và mức tiêu thụ điện năng thấp hơn. Nhờ đó, loa dễ dàng ghép đôi và đảm bảo tín hiệu âm thanh luôn mượt mà trong quá trình sử dụng.</strong></p>
<p><strong><img src="https://cdn2.cellphones.com.vn/insecure/rs:fill:0:0/q:100/plain/https://cellphones.com.vn/media/wysiwyg/Am-thanh/Loa/JBL/loa-bluetooth-jbl-charge-6-7_1.jpg" alt="Kết nối loa bluetooth JBL Charge 6"></strong></p>
<p><strong>Bên cạnh kết nối không dây, chiếc </strong><a href="https://cellphones.com.vn/thiet-bi-am-thanh/loa/loa-bluetooth.html" title="Loa bluetooth chính hãng, chất lượng"><strong>loa bluetooth</strong></a><strong> Charge 6 cũng hỗ trợ phát nhạc trực tiếp qua cổng USB-C, giúp người dùng linh hoạt lựa chọn phương thức kết nối tùy theo nhu cầu. Sự đa dạng trong khả năng kết nối giúp sản phẩm thích ứng tốt với nhiều tình huống sử dụng.</strong></p>
<h3><strong>Trang bị tính năng hỗ trợ người dùng hiệu quả</strong></h3>
<p><strong>JBL Charge 6 còn tích hợp sẵn powerbank, cho phép sạc nhanh điện thoại hoặc thiết bị di động qua cổng USB-C ngay khi đang phát nhạc. Tính năng này giúp duy trì kết nối liên tục mà không cần lo lắng về pin thiết bị phụ.</strong></p>
<p><strong><img src="https://cdn2.cellphones.com.vn/insecure/rs:fill:0:0/q:100/plain/https://cellphones.com.vn/media/wysiwyg/Am-thanh/Loa/JBL/loa-bluetooth-jbl-charge-6-10.jpg" alt="TÍnh năng loa bluetooth JBL Charge 6"></strong></p>
<p><strong>Sản phẩm còn thân thiện với môi trường khi sử dụng nhựa và vải tái chế cho phần vỏ ngoài, đồng thời đóng gói bằng giấy đạt chứng nhận FSC và in bằng mực đậu nành. Đây là bước tiến quan trọng nhằm giảm thiểu tác động đến môi trường trong quá trình sản xuất.</strong></p>', 20, N'https://pub-dd1bef83e9814f348c1ea975cca22e4f.r2.dev/elechoshop/others/ee1682f7-eebb-4bef-bbd5-18bc606607ae_jbl-charge-6-bl-2.webp', CAST(4500000.00 AS Numeric(38, 2)), CAST(3600000.00 AS Numeric(38, 2)), N'Loa Bluetooth JBL Charge 6', 0, 0, N'AVAILABLE', 17, 9, 5)
INSERT [dbo].[product] ([product_id], [created_date], [description], [description_details], [discount_percent], [main_image], [original_price], [price], [product_name], [rating], [sold_count], [status], [brand_id], [category_id], [supplier_id]) VALUES (40, CAST(N'2026-03-17T00:41:47.8690784' AS DateTime2), NULL, N'<h2><strong>Loa Sony SRS-XB100 - Âm thanh sống động</strong></h2>
<p><strong>Loa Bluetooth Sony SRS-XB100 với thiết kế nhỏ gọn, năng động cùng với âm bass mạnh mẽ sẽ là một lựa chọn không thể bỏ qua. Với công nghệ hiện đại đặc trưng của hãng, sản phẩm </strong><a href="https://cellphones.com.vn/thiet-bi-am-thanh/loa/sony.html" title="Loa Sony"><strong>loa Sony</strong></a><strong> này sẽ mang lại cho bạn trải nghiệm âm thanh sôi động và hấp dẫn, cùng với tính di động tiện lợi.</strong></p>
<h3><strong>Âm thanh sống động mạnh mẽ</strong></h3>
<p><strong>SRS-XB100 được trang bị công nghệ DSP, cho phép loa xử lý khuếch tán âm thanh, mạnh mẽ và đáng kinh ngạc. Bạn sẽ cảm nhận được những nhịp bass mạnh mẽ đi sâu vào lòng ngực và làm cho âm nhạc thêm sống động.&nbsp;</strong></p>
<p><strong><img src="https://cdn2.cellphones.com.vn/insecure/rs:fill:0:0/q:100/plain/https://cellphones.com.vn/media/wysiwyg/Loa/Sony/loa-bluetooth-sony-srs-xb100-1.jpg" alt="Loa Bluetooth Sony SRS-XB100 - Âm thanh sống động"></strong></p>
<p><strong>Loa Sony SRS-XB100 có khả năng kết nối với các thiết bị thông qua Bluetooth, giúp bạn dễ dàng phát nhạc từ điện thoại di động, máy tính bảng hoặc máy tính. Bạn đã có thể thưởng thức những ca khúc yêu thích với chất âm cực đỉnh.</strong></p>
<h3><strong>Thiết kế nhỏ gọn</strong></h3>
<p><strong>SRS-XB100 có thiết kế nhỏ gọn cho phép bạn dễ dàng mang theo đến mọi nơi nào bạn mà muốn. Loa còn có khả năng chống nước và chống bụi chuẩn IP67, cho phép bạn sử dụng nó trong môi trường ẩm ướt như bên cạnh bể bơi hoặc trong những buổi tiệc ngoài trời.</strong></p>
<p><strong><img src="https://cdn2.cellphones.com.vn/insecure/rs:fill:0:0/q:100/plain/https://cellphones.com.vn/media/wysiwyg/Loa/Sony/loa-bluetooth-sony-srs-xb100-2.png" alt="Loa Bluetooth Sony SRS-XB100 - Âm thanh sống động"></strong></p>
<p><strong>Loa được trang bị pin lithium-ion có thời lượng có thể lên đến 16 giờ, giúp bạn thưởng thức âm nhạc suốt nhiều giờ liền.</strong></p>', 20, N'https://pub-dd1bef83e9814f348c1ea975cca22e4f.r2.dev/elechoshop/others/8cf8ff8b-6ab1-43a3-b36a-d4506504d216_loa-bluetooth-sony-srs-xb100-3.webp', CAST(1490000.00 AS Numeric(38, 2)), CAST(1192000.00 AS Numeric(38, 2)), N'Loa Bluetooth Sony SRS-XB100 Extra Bass', 0, 0, N'AVAILABLE', 9, 9, 4)
INSERT [dbo].[product] ([product_id], [created_date], [description], [description_details], [discount_percent], [main_image], [original_price], [price], [product_name], [rating], [sold_count], [status], [brand_id], [category_id], [supplier_id]) VALUES (41, CAST(N'2026-03-17T00:43:08.0680922' AS DateTime2), NULL, N'<p><strong>Loa </strong><a href="https://cellphones.com.vn/loa-bluetooth-sony-ult-field-1.html"><strong>Sony ULT Field 1</strong></a><strong> sở hữu bộ sưu tập màu sắc đa dạng từ đen, cam, trắng đến xám cùng trọng lượng chỉ 650g. Loa với loa tweeter và woofer cùng chế độ âm thanh ULT Field Sound. Mẫu loa Sony này cũng được trang bị viên pin cho thời lượng sử dụng lên đến 12 giờ cũng như cổng sạc USB-C tiện lợi.</strong></p>
<h2><strong>Vì sao nên mua loa&nbsp;Sony ULT Field 1 sử dụng?</strong></h2>
<p><strong>Sony ULT Field 1 là mẫu loa Sony sở hữu nhiều đặc điểm nổi bật hứa hẹn mang lại những trải nghiệm âm thanh sống động và vượt trội như:</strong></p>
<p><strong>- Chuẩn kết nối Bluetooth 5.3: Kết nối ổn định, ít gián đoạn cùng với tốc độ truyền tải nhanh</strong></p>
<p><strong>-&nbsp;Kháng nước IP57: Cho phép người dùng sử dụng trong những bữa tiệc ngoài trời hoặc những môi trường ẩm ướt</strong></p>
<p><strong>-&nbsp;Trò chuyện dễ dàng: Nhờ khả năng loại bỏ tiếng vọng cuộc gọi, tiếng ồn</strong></p>
<p><strong>-&nbsp;Kết nối 2 loa với&nbsp;Stereo Pair: Mang lại trải nghiệm âm sống động, mạnh mẽ</strong></p>
<p><strong>*** Đặt biệt, tặng ngay 6 tháng bảo hành mở rộng khi khách hàng đăng ký trong ứng dụng My Sony.</strong></p>
<p><strong><img src="https://cdn2.cellphones.com.vn/insecure/rs:fill:0:0/q:100/plain/https://cellphones.com.vn/media/wysiwyg/Loa/Sony/loa-bluetooth-sony-ult-field-1-4.jpg" alt="Vì sao nên mua loa Sony ULT Field 1 sử dụng"></strong></p>
<h2><strong>Loa bluetooth Sony ULT Field 1 – Màu sắc đa dạng, âm thanh chất lượng</strong></h2>
<p><strong>Loa Sony ULT Field 1 là sản phẩm loa không dây tối ưu với một thiết kế gọn nhẹ và bắt mắt. Cùng với đó chiếc </strong><a href="https://cellphones.com.vn/thiet-bi-am-thanh/loa/sony.html" title="Loa Sony chính hãng, giá tốt"><strong>loa Sony</strong></a><strong> này còn sở hữu công suất loa lớn cùng công nghệ tối ưu.</strong></p>
<h3><strong>Công nghệ ULT Power Sound, âm trầm lớn</strong></h3>
<p><strong>Sony ULT Field 1 cho âm thanh chất lượng với âm trầm lớn. Cùng với đó, loa còn được trang bị công nghệ ULT Power Sound, công nghệ giúp nâng cao chất lượng âm thanh, đặc biệt những âm thanh ở tần số thấp. Cùng với đó là 2 loa gồm woofer và tweeter cùng với băng tần EQ giúp mang lại âm thanh chất lượng vượt trội.</strong></p>
<p><strong><img src="https://cdn2.cellphones.com.vn/insecure/rs:fill:0:0/q:100/plain/https://cellphones.com.vn/media/wysiwyg/Loa/Sony/loa-bluetooth-sony-ult-field-1-5.jpg" alt="Âm thanh loa Sony ULT Field 1"></strong></p>
<h3><strong>Thiết kế nhỏ gọn cùng quai xách tiện lợi, bốn màu sắc đa dạng</strong></h3>
<p><strong>Loa bluetooth Sony ULT Field 1 sở hữu một thiết kế tương đối nhỏ gọn nhờ đó người dùng có thể dễ dàng mang theo và trải nghiệm. Cùng với đó, sản phẩm Sony ULT Field 1 còn sử hữu quai xách tiện lợi giúp người dùng có thể treo trong quá trình di chuyển. Loa được hoàn thiện với viền chắc chắn nhờ đó có thể chống trầy xước hay va đập một cách bền bỉ.</strong></p>
<p><strong><img src="https://cdn2.cellphones.com.vn/insecure/rs:fill:0:0/q:100/plain/https://cellphones.com.vn/media/wysiwyg/Loa/Sony/loa-bluetooth-sony-ult-field-1-6.jpg" alt="Thiết kế loa Sony ULT Field 1"></strong></p>
<p><strong>Đặc biệt, thiết kế loa còn có thể sử dụng đứng hoặc nằm đều dễ dàng giúp người dùng có thể bố trí loa một cách dễ dàng trong nhiều không gian. Cùng với đó, loa ULT Field 1 sở hữu bộ sưu tập màu sắc vô cùng đa dạng như đen, cam, trắng ngà và xám lục.</strong></p>
<p><strong><img src="https://cdn2.cellphones.com.vn/insecure/rs:fill:0:0/q:100/plain/https://cellphones.com.vn/media/wysiwyg/Loa/Sony/loa-bluetooth-sony-ult-field-1-3.jpg" alt="Thiết kế loa Sony ULT Field 1"></strong></p>
<p><strong>&gt;&gt;&gt;&gt; Xem nhanh mẫu&nbsp;Loa Bluetooth </strong><a href="https://cellphones.com.vn/loa-bluetooth-sony-ult-field-3.html"><strong>Sony ULT Field 3</strong></a><strong> mới đang có giá tốt cùng nhiều quà tặng hâp dẫn.</strong></p>
<h3><strong>Micro khử ồn cùng khả năng ghép nối qua Stereo Pair</strong></h3>
<p><strong>Sony ULT Field SRS-ULT10 được trang bị micro với khả năng đàm thoại nhờ đó người dùng có thể đàm thoại rảnh tay một cách tiện lợi. Đặc biệt, micro còn sở hữu khả năng khử tiếng vang giúp âm thanh cuộc gọi trở nên rõ nét. Loa cũng sở hữu khả năng ghép đôi 2 loa Sony ULT Field 1 với nhau thông qua tính năng Stereo Pair.</strong></p>
<p><strong><img src="https://cdn2.cellphones.com.vn/insecure/rs:fill:0:0/q:100/plain/https://cellphones.com.vn/media/wysiwyg/Loa/Sony/loa-bluetooth-sony-ult-field-1-1.jpg" alt="Tính năng loa Sony ULT Field 1"></strong></p>
<h3><strong>Pin sử dụng 12 giờ cùng kháng nước chuẩn IP67</strong></h3>
<p><strong>Loa bluetooth Sony ULT Field 1 sở hữu viên pin dung lượng cho phép mang lại thời gian sử dụng đến 12 giờ. Cùng với đó với cổng sạc USB-C nhờ đó người dùng có thể dễ dàng tìm kiếm phụ kiện để sạc pin một cách tiện lợi. Loa cũng được trang bị khả năng kháng nước IP67 nhờ đó người dùng có thể sử dụng loa trong các bữa tiệc ngoài trời như tại công viên hay hồ bơi.</strong></p>
<p><strong><img src="https://cdn2.cellphones.com.vn/insecure/rs:fill:0:0/q:100/plain/https://cellphones.com.vn/media/wysiwyg/Loa/Sony/loa-bluetooth-sony-ult-field-1-2.jpg" alt="Kháng nước loa Sony ULT Field 1"></strong></p>', 20, N'https://pub-dd1bef83e9814f348c1ea975cca22e4f.r2.dev/elechoshop/others/0cd0ce4e-b133-4970-baaa-e03733200e41_01_6_5.webp', CAST(2500000.00 AS Numeric(38, 2)), CAST(2000000.00 AS Numeric(38, 2)), N'Loa Bluetooth Sony ULT Field 1', 0, 0, N'AVAILABLE', 9, 9, 4)
INSERT [dbo].[product] ([product_id], [created_date], [description], [description_details], [discount_percent], [main_image], [original_price], [price], [product_name], [rating], [sold_count], [status], [brand_id], [category_id], [supplier_id]) VALUES (42, CAST(N'2026-03-17T01:32:51.9474651' AS DateTime2), NULL, N'<h2><strong>Sạc Anker Zolo B2697 3C1A 140W kèm cáp USB-C - Sạc ổn định, kèm cáp tiện lợi</strong></h2>
<p><strong>Sạc Anker Zolo B2697 kèm cáp USB-C là giải pháp mạnh mẽ cho những ai cần một bộ </strong><a href="https://cellphones.com.vn/phu-kien/sac-dien-thoai/sac/sac-nhieu-cong.html" title="sạc nhiều cổng"><strong>sạc đa năng</strong></a><strong>, tốc độ cao. Đi kèm cáp USB-C 240W dài 1,5m, bộ sạc này đáp ứng nhu cầu sử dụng linh hoạt.&nbsp;</strong></p>
<h3><strong>Đa dạng cổng sạc tiện lợi</strong></h3>
<p><strong>Với ba cổng USB-C cùng 1 cổng USB-A với công suất tổng lên đến 140W, </strong><a href="https://cellphones.com.vn/phu-kien/sac-dien-thoai/sac/anker.html"><strong>cục sạc Anker</strong></a><strong> Zolo B2697 3C1A kèm cáp USB-C có khả năng sạc cho cả những thiết bị có dung lượng pin lớn. Chỉ mất 30 phút để sạc 50% pin, người dùng có thể tiết kiệm thời gian, đặc biệt là trong những tình huống cần sạc gấp.</strong></p>
<p><strong><img src="https://cdn2.cellphones.com.vn/insecure/rs:fill:0:0/q:100/plain/https://cellphones.com.vn/media/wysiwyg/phu-kien/cu-sac/Anker/sac-anker-zolo-b2697-3c1a-140w-kem-cap-usb-c-1.jpg" alt="Công suất, khả năng tương thích của sạc Anker Zolo B2697 3C1A 140W kèm cáp USB-C"></strong></p>
<p><strong>Ngoài ra, thiết kế hỗ trợ chuẩn PD 3.1 giúp bộ sạc tương thích với nhiều thiết bị hiện đại, đảm bảo hiệu suất tối ưu. Dù sử dụng để </strong><a href="https://cellphones.com.vn/phu-kien/may-tinh-laptop/sac-laptop.html" title="cục sạc laptop"><strong>sạc laptop</strong></a><strong>, tablet hay smartphone, Anker Zolo B2697 3C1A 140W đều mang lại tốc độ sạc nhanh và ổn định.&nbsp;</strong></p>
<h3><strong>Công nghệ an toàn tiên tiến</strong></h3>
<p><strong>Anker trang bị cho Zolo B2697 hệ thống ActiveShield 2.0, giúp giám sát nhiệt độ hơn 3 triệu lần mỗi ngày để đảm bảo an toàn tối đa cho thiết bị và người dùng. Cơ chế kiểm soát nhiệt độ thông minh giúp giảm thiểu nguy cơ quá nhiệt hay quá dòng, bảo vệ thiết bị khỏi các sự cố điện áp.</strong></p>
<p><strong><img src="https://cdn2.cellphones.com.vn/insecure/rs:fill:0:0/q:100/plain/https://cellphones.com.vn/media/wysiwyg/phu-kien/cu-sac/Anker/sac-anker-zolo-b2697-3c1a-140w-kem-cap-usb-c-2.jpg" alt="Thiết kế, tính năng bổ sung của sạc Anker Zolo B2697 3C1A 140W kèm cáp USB-C"></strong></p>
<p><strong>Ngoài ra, màn hình hiển thị màu sắc nét cung cấp thông tin chi tiết về trạng thái sạc, nhiệt độ và các cổng đang sử dụng. Nhờ đó, người dùng có thể theo dõi và kiểm soát quá trình nạp năng lượng trên Anker Zolo B2697 3C1A 140W.</strong></p>', NULL, N'https://pub-dd1bef83e9814f348c1ea975cca22e4f.r2.dev/elechoshop/others/b2222829-5303-48df-bb38-8ba415c2e643_sac-anker-zolo-b2697-3c1a-140w-kem-cap-usb-c_6.webp', CAST(1500000.00 AS Numeric(38, 2)), CAST(1500000.00 AS Numeric(38, 2)), N'Sạc Anker Zolo 3C1A 140W kèm cáp USB-C B2697', 0, 0, N'AVAILABLE', 7, 7, 5)
SET IDENTITY_INSERT [dbo].[product] OFF
GO
SET IDENTITY_INSERT [dbo].[company] ON

INSERT [dbo].[company] ([company_id], [address], [approved_at], [business_type], [company_name], [email], [employee_count], [founding_date], [industry], [logo_url], [phone], [representative_name], [representative_position], [status], [tax_code], [website]) VALUES (4, N'Tòa nhà X, Cầu Giấy, Hà Nội', CAST(N'2025-01-01T08:00:00.0000000' AS DateTime2), N'TNHH', N'Công ty TNHH Phần mềm X', N'contact@xsoftware.vn', 150, CAST(N'2015-05-10' AS Date), N'Công nghệ thông tin', NULL, N'02811112222', N'Nguyễn Văn X', N'Giám đốc', N'APPROVED', N'0312345678', N'https://xsoftware.vn')
INSERT [dbo].[company] ([company_id], [address], [approved_at], [business_type], [company_name], [email], [employee_count], [founding_date], [industry], [logo_url], [phone], [representative_name], [representative_position], [status], [tax_code], [website]) VALUES (5, N'Tầng 5, Tháp Y, Q.1, TP.HCM', CAST(N'2025-01-01T08:00:00.0000000' AS DateTime2), N'Cổ phần', N'Công ty CP Đầu tư Alpha', N'info@alphainvest.com', 500, CAST(N'2010-09-20' AS Date), N'Đầu tư tài chính', NULL, N'02433334444', N'Trần Alpha', N'CEO', N'APPROVED', N'0109876543', N'https://alphainvest.com')
INSERT [dbo].[company] ([company_id], [address], [approved_at], [business_type], [company_name], [email], [employee_count], [founding_date], [industry], [logo_url], [phone], [representative_name], [representative_position], [status], [tax_code], [website]) VALUES (6, N'Đà Nẵng', CAST(N'2025-01-01T08:00:00.0000000' AS DateTime2), N'Tập đoàn', N'Tập đoàn Công nghệ Hưng Thịnh', N'sales@hungthinhcorp.com', 2000, CAST(N'2008-11-15' AS Date), N'Đa ngành', NULL, N'0909999999', N'Lê Hưng Thịnh', N'Chủ tịch', N'APPROVED', N'0310000001', N'https://hungthinhcorp.com')
INSERT [dbo].[company] ([company_id], [address], [approved_at], [business_type], [company_name], [email], [employee_count], [founding_date], [industry], [logo_url], [phone], [representative_name], [representative_position], [status], [tax_code], [website]) VALUES (7, N'416 Lã Xuân Oai, Trường Thạnh, Thủ Đức, Hồ Chí Minh 700000, Vietnam', CAST(N'2026-03-16T21:51:28.4871958' AS DateTime2), N'Tư nhân', N'Công ty TNHH hung', N'lequanghung471@gmail.com', 200, CAST(N'2025-09-09' AS Date), N'Technology', NULL, N'0902316625', N'Lê quang hùng', N'CEO', N'APPROVED', N'123321312123', NULL)
SET IDENTITY_INSERT [dbo].[company] OFF
GO
SET IDENTITY_INSERT [dbo].[role] ON

INSERT [dbo].[role] ([role_id], [description], [role_name]) VALUES (7, N'Quản trị viên hệ thống', N'ADMIN')
INSERT [dbo].[role] ([role_id], [description], [role_name]) VALUES (8, N'Khách hàng mua lẻ', N'CUSTOMER')
INSERT [dbo].[role] ([role_id], [description], [role_name]) VALUES (9, N'Khách hàng doanh nghiệp', N'COMPANY')
SET IDENTITY_INSERT [dbo].[role] OFF
GO
SET IDENTITY_INSERT [dbo].[users] ON

INSERT [dbo].[users] ([user_id], [address], [email], [full_name], [password], [phone_number], [registration_date], [reward_point], [status], [company_id], [role_id], [is_email_verified]) VALUES (11, N'88 Nguyễn Trãi, TP.HCM', N'hung.le@company.vn', N'Lê Quốc Hùng', N'$2a$12$Sl/c9Nu.GHAm2uJf1LdNHuiTlATVtxbnAjRBbJQY3XNeefJCELNJ2', N'0903333333', CAST(N'2025-05-10T08:00:00.0000000' AS DateTime2), 500, N'ACTIVE', NULL, 9, 1)

INSERT [dbo].[users] ([user_id], [address], [email], [full_name], [password], [phone_number], [registration_date], [reward_point], [status], [company_id], [role_id], [is_email_verified]) VALUES (12, N'99 Bạch Đằng, Hải Phòng', N'tuan.dang@company.vn', N'Đặng Minh Tuấn', N'$2a$12$Sl/c9Nu.GHAm2uJf1LdNHuiTlATVtxbnAjRBbJQY3XNeefJCELNJ2', N'0905555555', CAST(N'2025-07-15T11:00:00.0000000' AS DateTime2), 800, N'ACTIVE', NULL, 9, 1)

INSERT [dbo].[users] ([user_id], [address], [email], [full_name], [password], [phone_number], [registration_date], [reward_point], [status], [company_id], [role_id], [is_email_verified]) VALUES (13, N'34 Pasteur, Q.3, TP.HCM', N'kimchi.hoang@gmail.com', N'Hoàng Thị Kim Chi', N'$2a$12$Sl/c9Nu.GHAm2uJf1LdNHuiTlATVtxbnAjRBbJQY3XNeefJCELNJ2', N'0906666666', CAST(N'2025-08-20T09:30:00.0000000' AS DateTime2), 200, N'ACTIVE', NULL, 8, 1)

INSERT [dbo].[users] ([user_id], [address], [email], [full_name], [password], [phone_number], [registration_date], [reward_point], [status], [company_id], [role_id], [is_email_verified]) VALUES (14, N'67 Đinh Bộ Lĩnh, Bình Thạnh', N'nam.vu@gmail.com', N'Vũ Thanh Nam', N'$2a$12$Sl/c9Nu.GHAm2uJf1LdNHuiTlATVtxbnAjRBbJQY3XNeefJCELNJ2', N'0907777777', CAST(N'2025-09-05T16:00:00.0000000' AS DateTime2), 50, N'ACTIVE', NULL, 8, 1)

INSERT [dbo].[users] ([user_id], [address], [email], [full_name], [password], [phone_number], [registration_date], [reward_point], [status], [company_id], [role_id], [is_email_verified]) VALUES (15, N'12 Hùng Vương, Cần Thơ', N'lan.pham@gmail.com', N'Phạm Thị Lan', N'$2a$12$Sl/c9Nu.GHAm2uJf1LdNHuiTlATVtxbnAjRBbJQY3XNeefJCELNJ2', N'0904444444', CAST(N'2025-06-01T14:00:00.0000000' AS DateTime2), 0, N'INACTIVE', NULL, 8, 1)

INSERT [dbo].[users] ([user_id], [address], [email], [full_name], [password], [phone_number], [registration_date], [reward_point], [status], [company_id], [role_id], [is_email_verified]) VALUES (16, N'23 Lê Duẩn, Hà Nội', N'binh.nguyen@gmail.com', N'Nguyễn Văn Bình', N'$2a$12$Sl/c9Nu.GHAm2uJf1LdNHuiTlATVtxbnAjRBbJQY3XNeefJCELNJ2', N'0901111111', CAST(N'2025-03-15T09:00:00.0000000' AS DateTime2), 150, N'ACTIVE', NULL, 8, 1)

INSERT [dbo].[users] ([user_id], [address], [email], [full_name], [password], [phone_number], [registration_date], [reward_point], [status], [company_id], [role_id], [is_email_verified]) VALUES (17, N'55 Trần Phú, Đà Nẵng', N'huong.tran@gmail.com', N'Trần Thị Hương', N'$2a$12$Sl/c9Nu.GHAm2uJf1LdNHuiTlATVtxbnAjRBbJQY3XNeefJCELNJ2', N'0902222222', CAST(N'2025-04-20T10:30:00.0000000' AS DateTime2), 320, N'ACTIVE', NULL, 8, 1)

INSERT [dbo].[users] ([user_id], [address], [email], [full_name], [password], [phone_number], [registration_date], [reward_point], [status], [company_id], [role_id], [is_email_verified]) VALUES (18, N'ElectroShop Head Office', N'admin@electroshop.com', N'System Administrator', N'$2a$10$5gFxkr6YkUqZ6PwsYZUDa.Cu2x.GWe6Kj.3WTUf9OXzK/a2XBxAtq', N'0900000000', CAST(N'2026-03-09T22:45:50.6207657' AS DateTime2), 0, N'ACTIVE', NULL, 7, 1)

INSERT [dbo].[users] ([user_id], [address], [email], [full_name], [password], [phone_number], [registration_date], [reward_point], [status], [company_id], [role_id], [is_email_verified]) VALUES (19, NULL, N'lequanghung471@gmail.com', N'Lê Quang Hùng', N'$2a$10$I/JVVvqfIkBdIhoEbL5C4eZzqgGEU3P.zNIiISFi1dtGMGQqH3Yj6', NULL, CAST(N'2026-03-16T21:49:46.3104366' AS DateTime2), 0, N'ACTIVE', 7, 9, 1)

INSERT [dbo].[users] ([user_id], [address], [email], [full_name], [password], [phone_number], [registration_date], [reward_point], [status], [company_id], [role_id], [is_email_verified]) VALUES (20, N'132, Xã Tam Cường, Huyện Vĩnh Bảo, Thành phố Hải Phòng', N'lequanghung417@gmail.com', N'Lê Quang Hùng', N'$2a$10$bgQzYjGf0cbqfylyDgn41uEVxHGaDnNPkLOikr38OVOOKDywu8Osq', N'0902316625', CAST(N'2026-03-16T22:59:50.8804499' AS DateTime2), 0, N'ACTIVE', NULL, 8, 1)
SET IDENTITY_INSERT [dbo].[users] OFF
GO
SET IDENTITY_INSERT [dbo].[voucher] ON

INSERT [dbo].[voucher] ([voucher_id], [description], [discount_type], [discount_value], [is_active], [is_valid], [max_discount], [min_order_value], [usage_limit], [used_count], [valid_from], [valid_to], [voucher_code]) VALUES (6, N'Giảm 10% toàn đơn hàng', N'PERCENT', CAST(10.00 AS Numeric(38, 2)), 1, 1, CAST(500000.00 AS Numeric(38, 2)), CAST(0.00 AS Numeric(38, 2)), 1000, 0, CAST(N'2026-01-01T00:00:00.0000000' AS DateTime2), CAST(N'2026-12-31T23:59:59.0000000' AS DateTime2), N'SALE10')
INSERT [dbo].[voucher] ([voucher_id], [description], [discount_type], [discount_value], [is_active], [is_valid], [max_discount], [min_order_value], [usage_limit], [used_count], [valid_from], [valid_to], [voucher_code]) VALUES (7, N'Giảm 50k cho đơn từ 500k', N'FIXED', CAST(50000.00 AS Numeric(38, 2)), 1, 1, CAST(50000.00 AS Numeric(38, 2)), CAST(500000.00 AS Numeric(38, 2)), 500, 0, CAST(N'2026-01-01T00:00:00.0000000' AS DateTime2), CAST(N'2026-06-30T23:59:59.0000000' AS DateTime2), N'FLAT50K')
INSERT [dbo].[voucher] ([voucher_id], [description], [discount_type], [discount_value], [is_active], [is_valid], [max_discount], [min_order_value], [usage_limit], [used_count], [valid_from], [valid_to], [voucher_code]) VALUES (8, N'Giảm 20% cho khách hàng mới', N'PERCENT', CAST(20.00 AS Numeric(38, 2)), 1, 1, CAST(100000.00 AS Numeric(38, 2)), CAST(0.00 AS Numeric(38, 2)), 200, 0, CAST(N'2026-01-01T00:00:00.0000000' AS DateTime2), CAST(N'2026-12-31T23:59:59.0000000' AS DateTime2), N'NEWUSER20')
INSERT [dbo].[voucher] ([voucher_id], [description], [discount_type], [discount_value], [is_active], [is_valid], [max_discount], [min_order_value], [usage_limit], [used_count], [valid_from], [valid_to], [voucher_code]) VALUES (9, N'Khuyến mại hè 2026 - giảm 15%', N'PERCENT', CAST(15.00 AS Numeric(38, 2)), 1, 1, CAST(200000.00 AS Numeric(38, 2)), CAST(1000000.00 AS Numeric(38, 2)), 300, 0, CAST(N'2026-06-01T00:00:00.0000000' AS DateTime2), CAST(N'2026-08-31T23:59:59.0000000' AS DateTime2), N'SUMMER15')
INSERT [dbo].[voucher] ([voucher_id], [description], [discount_type], [discount_value], [is_active], [is_valid], [max_discount], [min_order_value], [usage_limit], [used_count], [valid_from], [valid_to], [voucher_code]) VALUES (10, N'VIP giảm 100k', N'FIXED', CAST(100000.00 AS Numeric(38, 2)), 1, 0, CAST(100000.00 AS Numeric(38, 2)), CAST(2000000.00 AS Numeric(38, 2)), 100, 0, CAST(N'2026-01-01T00:00:00.0000000' AS DateTime2), CAST(N'2026-03-17T20:32:00.0000000' AS DateTime2), N'VIPFLAT100K')
SET IDENTITY_INSERT [dbo].[voucher] OFF
GO
SET IDENTITY_INSERT [dbo].[user_voucher] ON

INSERT [dbo].[user_voucher] ([user_voucher_id], [assigned_at], [status], [used_at], [user_id], [voucher_id]) VALUES (6, CAST(N'2026-01-10T09:00:00.0000000' AS DateTime2), N'USED', CAST(N'2026-01-15T10:30:00.0000000' AS DateTime2), 16, 6)
INSERT [dbo].[user_voucher] ([user_voucher_id], [assigned_at], [status], [used_at], [user_id], [voucher_id]) VALUES (7, CAST(N'2026-01-18T11:00:00.0000000' AS DateTime2), N'AVAILABLE', NULL, 17, 8)
INSERT [dbo].[user_voucher] ([user_voucher_id], [assigned_at], [status], [used_at], [user_id], [voucher_id]) VALUES (8, CAST(N'2026-02-08T10:00:00.0000000' AS DateTime2), N'USED', CAST(N'2026-02-10T11:30:00.0000000' AS DateTime2), 13, 7)
INSERT [dbo].[user_voucher] ([user_voucher_id], [assigned_at], [status], [used_at], [user_id], [voucher_id]) VALUES (9, CAST(N'2026-02-18T15:00:00.0000000' AS DateTime2), N'AVAILABLE', NULL, 14, 8)
INSERT [dbo].[user_voucher] ([user_voucher_id], [assigned_at], [status], [used_at], [user_id], [voucher_id]) VALUES (10, CAST(N'2026-01-01T00:00:00.0000000' AS DateTime2), N'AVAILABLE', NULL, 12, 10)
SET IDENTITY_INSERT [dbo].[user_voucher] OFF
GO
SET IDENTITY_INSERT [dbo].[ORDER] ON

INSERT [dbo].[ORDER] ([order_id], [discount_amount], [final_amount], [order_date], [order_status], [payment_method], [payment_status], [shipping_address], [total_amount], [user_id], [voucher_id]) VALUES (7, CAST(2999000.00 AS Numeric(38, 2)), CAST(26991000.00 AS Numeric(38, 2)), CAST(N'2026-01-15T10:30:00.0000000' AS DateTime2), N'DELIVERED', N'CREDIT_CARD', NULL, N'23 Lê Duẩn, Hà Nội', CAST(29990000.00 AS Numeric(38, 2)), 16, 6)
INSERT [dbo].[ORDER] ([order_id], [discount_amount], [final_amount], [order_date], [order_status], [payment_method], [payment_status], [shipping_address], [total_amount], [user_id], [voucher_id]) VALUES (8, CAST(0.00 AS Numeric(38, 2)), CAST(36980000.00 AS Numeric(38, 2)), CAST(N'2026-01-20T14:00:00.0000000' AS DateTime2), N'DELIVERED', N'BANK_TRANSFER', NULL, N'55 Trần Phú, Đà Nẵng', CAST(36980000.00 AS Numeric(38, 2)), 17, NULL)
INSERT [dbo].[ORDER] ([order_id], [discount_amount], [final_amount], [order_date], [order_status], [payment_method], [payment_status], [shipping_address], [total_amount], [user_id], [voucher_id]) VALUES (9, CAST(0.00 AS Numeric(38, 2)), CAST(52990000.00 AS Numeric(38, 2)), CAST(N'2026-02-05T09:00:00.0000000' AS DateTime2), N'PROCESSING', N'CASH_ON_DELIVERY', NULL, N'88 Nguyễn Trãi, TP.HCM', CAST(52990000.00 AS Numeric(38, 2)), 11, NULL)
INSERT [dbo].[ORDER] ([order_id], [discount_amount], [final_amount], [order_date], [order_status], [payment_method], [payment_status], [shipping_address], [total_amount], [user_id], [voucher_id]) VALUES (10, CAST(50000.00 AS Numeric(38, 2)), CAST(8940000.00 AS Numeric(38, 2)), CAST(N'2026-02-10T11:30:00.0000000' AS DateTime2), N'DELIVERED', N'CREDIT_CARD', NULL, N'34 Pasteur, Q.3, TP.HCM', CAST(8990000.00 AS Numeric(38, 2)), 13, 8)
INSERT [dbo].[ORDER] ([order_id], [discount_amount], [final_amount], [order_date], [order_status], [payment_method], [payment_status], [shipping_address], [total_amount], [user_id], [voucher_id]) VALUES (11, CAST(0.00 AS Numeric(38, 2)), CAST(6290000.00 AS Numeric(38, 2)), CAST(N'2026-02-20T16:00:00.0000000' AS DateTime2), N'CANCELLED', N'CREDIT_CARD', NULL, N'67 Đinh Bộ Lĩnh, Bình Thạnh', CAST(6290000.00 AS Numeric(38, 2)), 14, NULL)
INSERT [dbo].[ORDER] ([order_id], [discount_amount], [final_amount], [order_date], [order_status], [payment_method], [payment_status], [shipping_address], [total_amount], [user_id], [voucher_id]) VALUES (12, CAST(0.00 AS Numeric(38, 2)), CAST(12990000.00 AS Numeric(38, 2)), CAST(N'2026-03-01T08:00:00.0000000' AS DateTime2), N'PENDING', N'BANK_TRANSFER', NULL, N'23 Lê Duẩn, Hà Nội', CAST(12990000.00 AS Numeric(38, 2)), 16, NULL)
INSERT [dbo].[ORDER] ([order_id], [discount_amount], [final_amount], [order_date], [order_status], [payment_method], [payment_status], [shipping_address], [total_amount], [user_id], [voucher_id]) VALUES (13, CAST(0.00 AS Numeric(38, 2)), CAST(3911400.00 AS Numeric(38, 2)), CAST(N'2026-03-16T23:04:02.8089465' AS DateTime2), N'CANCELLED', N'VNPAY', N'REFUNDED', N'132, Xã Tam Cường, Huyện Vĩnh Bảo, Thành phố Hải Phòng', CAST(3911400.00 AS Numeric(38, 2)), 20, NULL)
SET IDENTITY_INSERT [dbo].[ORDER] OFF
GO
SET IDENTITY_INSERT [dbo].[bulk_order] ON

INSERT [dbo].[bulk_order] ([bulk_order_id], [cancel_reason], [created_at], [discount_applied], [final_price], [shipping_fee], [shipping_fee_waived], [status], [subtotal_after_tier], [updated_at], [voucher_code], [voucher_discount_amount], [voucher_type], [company_id], [user_id], [admin_note], [shipping_address]) VALUES (4, NULL, CAST(N'2026-02-01T09:00:00.0000000' AS DateTime2), 0, CAST(158970000.00 AS Numeric(19, 2)), CAST(0.00 AS Numeric(19, 2)), 1, N'CONFIRMED', CAST(158970000.00 AS Numeric(19, 2)), CAST(N'2026-02-01T10:00:00.0000000' AS DateTime2), NULL, CAST(0.00 AS Numeric(19, 2)), NULL, 5, 11, NULL, NULL)
INSERT [dbo].[bulk_order] ([bulk_order_id], [cancel_reason], [created_at], [discount_applied], [final_price], [shipping_fee], [shipping_fee_waived], [status], [subtotal_after_tier], [updated_at], [voucher_code], [voucher_discount_amount], [voucher_type], [company_id], [user_id], [admin_note], [shipping_address]) VALUES (5, NULL, CAST(N'2026-02-15T10:00:00.0000000' AS DateTime2), 0, CAST(83960000.00 AS Numeric(19, 2)), CAST(0.00 AS Numeric(19, 2)), 0, N'PENDING_REVIEW', CAST(83960000.00 AS Numeric(19, 2)), NULL, NULL, CAST(0.00 AS Numeric(19, 2)), NULL, 6, 12, NULL, NULL)
INSERT [dbo].[bulk_order] ([bulk_order_id], [cancel_reason], [created_at], [discount_applied], [final_price], [shipping_fee], [shipping_fee_waived], [status], [subtotal_after_tier], [updated_at], [voucher_code], [voucher_discount_amount], [voucher_type], [company_id], [user_id], [admin_note], [shipping_address]) VALUES (6, NULL, CAST(N'2026-03-01T08:00:00.0000000' AS DateTime2), 1, CAST(42990000.00 AS Numeric(19, 2)), CAST(0.00 AS Numeric(19, 2)), 1, N'PROCESSING', CAST(43990000.00 AS Numeric(19, 2)), CAST(N'2026-03-02T08:00:00.0000000' AS DateTime2), N'OFFER1M', CAST(1000000.00 AS Numeric(19, 2)), N'FIXED', 5, 11, NULL, NULL)
INSERT [dbo].[bulk_order] ([bulk_order_id], [cancel_reason], [created_at], [discount_applied], [final_price], [shipping_fee], [shipping_fee_waived], [status], [subtotal_after_tier], [updated_at], [voucher_code], [voucher_discount_amount], [voucher_type], [company_id], [user_id], [admin_note], [shipping_address]) VALUES (7, NULL, CAST(N'2026-03-16T21:52:31.7049757' AS DateTime2), 0, CAST(136150000.00 AS Numeric(19, 2)), CAST(50000.00 AS Numeric(19, 2)), 0, N'COMPLETED', CAST(136100000.00 AS Numeric(19, 2)), CAST(N'2026-03-16T22:17:09.9758715' AS DateTime2), NULL, NULL, NULL, 7, 19, NULL, NULL)
INSERT [dbo].[bulk_order] ([bulk_order_id], [cancel_reason], [created_at], [discount_applied], [final_price], [shipping_fee], [shipping_fee_waived], [status], [subtotal_after_tier], [updated_at], [voucher_code], [voucher_discount_amount], [voucher_type], [company_id], [user_id], [admin_note], [shipping_address]) VALUES (8, NULL, CAST(N'2026-03-16T22:28:29.9539843' AS DateTime2), 0, CAST(503002100.00 AS Numeric(19, 2)), NULL, 0, N'PENDING_REVIEW', CAST(503002100.00 AS Numeric(19, 2)), NULL, NULL, NULL, NULL, 7, 19, NULL, N'416 Lã Xuân Oai, Trường Thạnh, Thủ Đức, Hồ Chí Minh 700000, Vietnam')
SET IDENTITY_INSERT [dbo].[bulk_order] OFF
GO
SET IDENTITY_INSERT [dbo].[review] ON

INSERT [dbo].[review] ([review_id], [comment], [rating], [reply_comment], [reply_date], [review_date], [product_id], [replied_by], [user_id]) VALUES (6, N'Ốp lưng rất đẹp, hít MagSafe cực chắc!', 5, NULL, NULL, CAST(N'2026-01-20T10:00:00.0000000' AS DateTime2), 16, NULL, 16)
INSERT [dbo].[review] ([review_id], [comment], [rating], [reply_comment], [reply_date], [review_date], [product_id], [replied_by], [user_id]) VALUES (7, N'Sạc nhanh đúng chuẩn, dây cáp hơi ngắn một chút.', 4, NULL, NULL, CAST(N'2026-01-25T11:00:00.0000000' AS DateTime2), 17, NULL, 17)
INSERT [dbo].[review] ([review_id], [comment], [rating], [reply_comment], [reply_date], [review_date], [product_id], [replied_by], [user_id]) VALUES (8, N'Chống ồn cực tốt, âm thanh tuyệt vời!', 5, NULL, NULL, CAST(N'2026-02-14T09:00:00.0000000' AS DateTime2), 20, NULL, 13)
INSERT [dbo].[review] ([review_id], [comment], [rating], [reply_comment], [reply_date], [review_date], [product_id], [replied_by], [user_id]) VALUES (9, N'Chuột dùng cực sướng cho designer, nút cuộn rất thông minh.', 5, NULL, NULL, CAST(N'2026-02-22T14:00:00.0000000' AS DateTime2), 18, NULL, 14)
INSERT [dbo].[review] ([review_id], [comment], [rating], [reply_comment], [reply_date], [review_date], [product_id], [replied_by], [user_id]) VALUES (10, N'Nhỏ gọn, gõ êm, kết nối đa thiết bị ổn định.', 5, N'ok', CAST(N'2026-03-17T20:42:36.7789179' AS DateTime2), CAST(N'2026-02-28T16:00:00.0000000' AS DateTime2), 19, 18, 16)
SET IDENTITY_INSERT [dbo].[review] OFF
GO
SET IDENTITY_INSERT [dbo].[shopping_cart] ON

INSERT [dbo].[shopping_cart] ([cart_id], [created_date], [last_updated], [user_id]) VALUES (8, CAST(N'2026-01-10T09:00:00.0000000' AS DateTime2), CAST(N'2026-03-01T08:00:00.0000000' AS DateTime2), 16)
INSERT [dbo].[shopping_cart] ([cart_id], [created_date], [last_updated], [user_id]) VALUES (9, CAST(N'2026-01-18T11:00:00.0000000' AS DateTime2), CAST(N'2026-02-15T14:00:00.0000000' AS DateTime2), 17)
INSERT [dbo].[shopping_cart] ([cart_id], [created_date], [last_updated], [user_id]) VALUES (10, CAST(N'2026-02-01T08:00:00.0000000' AS DateTime2), CAST(N'2026-02-20T09:00:00.0000000' AS DateTime2), 11)
INSERT [dbo].[shopping_cart] ([cart_id], [created_date], [last_updated], [user_id]) VALUES (11, CAST(N'2026-02-08T10:00:00.0000000' AS DateTime2), CAST(N'2026-02-10T11:00:00.0000000' AS DateTime2), 13)
INSERT [dbo].[shopping_cart] ([cart_id], [created_date], [last_updated], [user_id]) VALUES (12, CAST(N'2026-02-18T15:00:00.0000000' AS DateTime2), CAST(N'2026-02-20T16:00:00.0000000' AS DateTime2), 14)
INSERT [dbo].[shopping_cart] ([cart_id], [created_date], [last_updated], [user_id]) VALUES (13, CAST(N'2026-03-09T23:10:10.9594781' AS DateTime2), NULL, 18)
INSERT [dbo].[shopping_cart] ([cart_id], [created_date], [last_updated], [user_id]) VALUES (14, CAST(N'2026-03-16T21:49:46.3575060' AS DateTime2), NULL, 19)
INSERT [dbo].[shopping_cart] ([cart_id], [created_date], [last_updated], [user_id]) VALUES (15, CAST(N'2026-03-16T22:59:50.9351938' AS DateTime2), NULL, 20)
SET IDENTITY_INSERT [dbo].[shopping_cart] OFF
GO
SET IDENTITY_INSERT [dbo].[wishlist] ON

INSERT [dbo].[wishlist] ([wishlist_id], [created_date], [user_id]) VALUES (6, CAST(N'2026-01-05T09:00:00.0000000' AS DateTime2), 16)
INSERT [dbo].[wishlist] ([wishlist_id], [created_date], [user_id]) VALUES (7, CAST(N'2026-01-15T10:00:00.0000000' AS DateTime2), 17)
INSERT [dbo].[wishlist] ([wishlist_id], [created_date], [user_id]) VALUES (8, CAST(N'2026-02-01T08:00:00.0000000' AS DateTime2), 13)
INSERT [dbo].[wishlist] ([wishlist_id], [created_date], [user_id]) VALUES (9, CAST(N'2026-03-09T23:10:10.9651337' AS DateTime2), 18)
INSERT [dbo].[wishlist] ([wishlist_id], [created_date], [user_id]) VALUES (10, CAST(N'2026-03-16T21:49:46.3509392' AS DateTime2), 19)
INSERT [dbo].[wishlist] ([wishlist_id], [created_date], [user_id]) VALUES (11, CAST(N'2026-03-16T22:59:50.9372003' AS DateTime2), 20)
SET IDENTITY_INSERT [dbo].[wishlist] OFF
GO
SET IDENTITY_INSERT [dbo].[wishlist_item] ON

INSERT [dbo].[wishlist_item] ([wishlist_item_id], [created_date], [product_id], [wishlist_id]) VALUES (6, CAST(N'2026-01-05T09:00:00.0000000' AS DateTime2), 22, 6)
INSERT [dbo].[wishlist_item] ([wishlist_item_id], [created_date], [product_id], [wishlist_id]) VALUES (7, CAST(N'2026-01-06T10:00:00.0000000' AS DateTime2), 25, 6)
INSERT [dbo].[wishlist_item] ([wishlist_item_id], [created_date], [product_id], [wishlist_id]) VALUES (8, CAST(N'2026-01-15T10:00:00.0000000' AS DateTime2), 16, 7)
INSERT [dbo].[wishlist_item] ([wishlist_item_id], [created_date], [product_id], [wishlist_id]) VALUES (9, CAST(N'2026-01-16T11:00:00.0000000' AS DateTime2), 20, 7)
INSERT [dbo].[wishlist_item] ([wishlist_item_id], [created_date], [product_id], [wishlist_id]) VALUES (10, CAST(N'2026-02-01T08:00:00.0000000' AS DateTime2), 24, 8)
INSERT [dbo].[wishlist_item] ([wishlist_item_id], [created_date], [product_id], [wishlist_id]) VALUES (11, CAST(N'2026-03-16T23:05:18.9882516' AS DateTime2), 16, 11)
INSERT [dbo].[wishlist_item] ([wishlist_item_id], [created_date], [product_id], [wishlist_id]) VALUES (12, CAST(N'2026-03-16T23:05:19.7963916' AS DateTime2), 17, 11)
INSERT [dbo].[wishlist_item] ([wishlist_item_id], [created_date], [product_id], [wishlist_id]) VALUES (13, CAST(N'2026-03-16T23:05:20.7582941' AS DateTime2), 18, 11)
SET IDENTITY_INSERT [dbo].[wishlist_item] OFF
GO
SET IDENTITY_INSERT [dbo].[store_branch] ON

INSERT [dbo].[store_branch] ([branch_id], [address], [branch_name], [contact_number], [location], [manager_name], [maps_url], [working_hours]) VALUES (5, N'25 Tràng Tiền, Hoàn Kiếm, Hà Nội', N'Chi nhánh Hà Nội', N'0243000001', N'Hoàn Kiếm, Hà Nội', N'Phạm Minh Đức', N'https://maps.app.goo.gl/hanoi1', N'08:00 - 22:00')
INSERT [dbo].[store_branch] ([branch_id], [address], [branch_name], [contact_number], [location], [manager_name], [maps_url], [working_hours]) VALUES (6, N'100 Lê Lợi, Q.1, TP.HCM', N'Chi nhánh TP.HCM', N'0283000002', N'Quận 1, TP.HCM', N'Nguyễn Thị Mai', N'https://maps.app.goo.gl/hcm1', N'08:00 - 22:00')
INSERT [dbo].[store_branch] ([branch_id], [address], [branch_name], [contact_number], [location], [manager_name], [maps_url], [working_hours]) VALUES (7, N'321 Nguyễn Văn Linh, Đà Nẵng', N'Chi nhánh Đà Nẵng', N'0236300003', N'Hải Châu, Đà Nẵng', N'Trần Thanh Hải', N'https://maps.app.goo.gl/danang1', N'08:00 - 21:00')
INSERT [dbo].[store_branch] ([branch_id], [address], [branch_name], [contact_number], [location], [manager_name], [maps_url], [working_hours]) VALUES (8, N'56 Hoà Bình, Ninh Kiều, Cần Thơ', N'Chi nhánh Cần Thơ', N'0292000004', N'Ninh Kiều, Cần Thơ', N'Lê Hoàng Anh', N'https://maps.app.goo.gl/cantho1', N'08:00 - 21:00')
SET IDENTITY_INSERT [dbo].[store_branch] OFF
GO
SET IDENTITY_INSERT [dbo].[order_detail] ON

INSERT [dbo].[order_detail] ([order_detail_id], [discount_amount], [quantity], [subtotal], [unit_price], [branch_id], [order_id], [product_id]) VALUES (8, CAST(0.00 AS Numeric(38, 2)), 1, CAST(1290000.00 AS Numeric(38, 2)), CAST(1290000.00 AS Numeric(38, 2)), 5, 7, 16)
INSERT [dbo].[order_detail] ([order_detail_id], [discount_amount], [quantity], [subtotal], [unit_price], [branch_id], [order_id], [product_id]) VALUES (9, CAST(0.00 AS Numeric(38, 2)), 1, CAST(8990000.00 AS Numeric(38, 2)), CAST(8990000.00 AS Numeric(38, 2)), 7, 8, 20)
INSERT [dbo].[order_detail] ([order_detail_id], [discount_amount], [quantity], [subtotal], [unit_price], [branch_id], [order_id], [product_id]) VALUES (10, CAST(0.00 AS Numeric(38, 2)), 1, CAST(2490000.00 AS Numeric(38, 2)), CAST(2490000.00 AS Numeric(38, 2)), 7, 8, 18)
INSERT [dbo].[order_detail] ([order_detail_id], [discount_amount], [quantity], [subtotal], [unit_price], [branch_id], [order_id], [product_id]) VALUES (11, CAST(0.00 AS Numeric(38, 2)), 10, CAST(42900000.00 AS Numeric(38, 2)), CAST(4290000.00 AS Numeric(38, 2)), 6, 9, 22)
INSERT [dbo].[order_detail] ([order_detail_id], [discount_amount], [quantity], [subtotal], [unit_price], [branch_id], [order_id], [product_id]) VALUES (12, CAST(0.00 AS Numeric(38, 2)), 1, CAST(3490000.00 AS Numeric(38, 2)), CAST(3490000.00 AS Numeric(38, 2)), NULL, 10, 24)
INSERT [dbo].[order_detail] ([order_detail_id], [discount_amount], [quantity], [subtotal], [unit_price], [branch_id], [order_id], [product_id]) VALUES (13, CAST(0.00 AS Numeric(38, 2)), 1, CAST(4490000.00 AS Numeric(38, 2)), CAST(4490000.00 AS Numeric(38, 2)), 6, 11, 21)
INSERT [dbo].[order_detail] ([order_detail_id], [discount_amount], [quantity], [subtotal], [unit_price], [branch_id], [order_id], [product_id]) VALUES (14, CAST(0.00 AS Numeric(38, 2)), 2, CAST(500000.00 AS Numeric(38, 2)), CAST(250000.00 AS Numeric(38, 2)), 5, 12, 25)
INSERT [dbo].[order_detail] ([order_detail_id], [discount_amount], [quantity], [subtotal], [unit_price], [branch_id], [order_id], [product_id]) VALUES (15, NULL, 3, CAST(3911400.00 AS Numeric(38, 2)), CAST(1303800.00 AS Numeric(38, 2)), 5, 13, 16)
SET IDENTITY_INSERT [dbo].[order_detail] OFF
GO
SET IDENTITY_INSERT [dbo].[payment_transaction] ON

INSERT [dbo].[payment_transaction] ([id], [amount], [bank_code], [bank_tran_no], [card_type], [created_at], [pay_date], [payment_type], [response_code], [secure_hash], [status], [transaction_no], [transaction_status], [txn_ref], [updated_at], [bulk_order_id], [order_id]) VALUES (1, CAST(136150000.00 AS Numeric(38, 2)), N'NCB', N'VNP15453244', N'ATM', CAST(N'2026-03-16T21:56:28.5130488' AS DateTime2), N'20260316215651', N'BULK', N'00', N'305d5a5dfc7296b89f271b99a38ff2b4eceb4ee903137eb50515282573112825b8a215ad6b214acd3053136bcd805656d35b55229e3fa4b78bb808271631a4ad', N'SUCCESS', N'15453244', N'00', N'7_20260316215628', CAST(N'2026-03-16T21:56:55.8535979' AS DateTime2), 7, NULL)
INSERT [dbo].[payment_transaction] ([id], [amount], [bank_code], [bank_tran_no], [card_type], [created_at], [pay_date], [payment_type], [response_code], [secure_hash], [status], [transaction_no], [transaction_status], [txn_ref], [updated_at], [bulk_order_id], [order_id]) VALUES (2, CAST(3911400.00 AS Numeric(38, 2)), N'NCB', N'VNP15453327', N'ATM', CAST(N'2026-03-16T23:04:02.8650602' AS DateTime2), N'20260316230428', N'NORMAL', N'00', N'39c07962b20dbb86e2842ae56f85576a6f7c6cd5204d429153a9ff42d96dd64238b4ab72f5aba8fa98ec89283029989efe71047c4c321fd2ac00c5e4e4c42089', N'SUCCESS', N'15453327', N'00', N'13_20260316230402', CAST(N'2026-03-16T23:04:33.1368573' AS DateTime2), NULL, 13)
SET IDENTITY_INSERT [dbo].[payment_transaction] OFF
GO
SET IDENTITY_INSERT [dbo].[attribute] ON

INSERT [dbo].[attribute] ([attribute_id], [attribute_name]) VALUES (11, N'Chip xử lý')
INSERT [dbo].[attribute] ([attribute_id], [attribute_name]) VALUES (9, N'Dung lượng ROM')
INSERT [dbo].[attribute] ([attribute_id], [attribute_name]) VALUES (14, N'Hệ điều hành')
INSERT [dbo].[attribute] ([attribute_id], [attribute_name]) VALUES (12, N'Kích thước màn hình')
INSERT [dbo].[attribute] ([attribute_id], [attribute_name]) VALUES (10, N'Màu sắc')
INSERT [dbo].[attribute] ([attribute_id], [attribute_name]) VALUES (13, N'Pin')
INSERT [dbo].[attribute] ([attribute_id], [attribute_name]) VALUES (8, N'RAM')
SET IDENTITY_INSERT [dbo].[attribute] OFF
GO
SET IDENTITY_INSERT [dbo].[product_attribute] ON

INSERT [dbo].[product_attribute] ([product_attribute_id], [value], [attribute_id], [product_id]) VALUES (12, N'Graphite', 10, 18)
INSERT [dbo].[product_attribute] ([product_attribute_id], [value], [attribute_id], [product_id]) VALUES (13, N'1TB', 9, 24)
INSERT [dbo].[product_attribute] ([product_attribute_id], [value], [attribute_id], [product_id]) VALUES (14, N'30 gi?', 13, 20)
INSERT [dbo].[product_attribute] ([product_attribute_id], [value], [attribute_id], [product_id]) VALUES (15, N'Tím nhạt', 10, 16)
INSERT [dbo].[product_attribute] ([product_attribute_id], [value], [attribute_id], [product_id]) VALUES (16, N'Đen', 10, 17)
INSERT [dbo].[product_attribute] ([product_attribute_id], [value], [attribute_id], [product_id]) VALUES (17, N'Đen', 10, 21)
SET IDENTITY_INSERT [dbo].[product_attribute] OFF
GO
SET IDENTITY_INSERT [dbo].[bulk_order_details] ON

INSERT [dbo].[bulk_order_details] ([bulk_order_detail_id], [applied_tier_price], [discount_snapshot], [quantity], [unit_price_snapshot], [bulk_order_id], [product_id]) VALUES (6, CAST(3700000.00 AS Numeric(38, 2)), CAST(0.00 AS Numeric(38, 2)), 20, CAST(4290000.00 AS Numeric(38, 2)), 4, 22)
INSERT [dbo].[bulk_order_details] ([bulk_order_detail_id], [applied_tier_price], [discount_snapshot], [quantity], [unit_price_snapshot], [bulk_order_id], [product_id]) VALUES (7, CAST(3400000.00 AS Numeric(38, 2)), CAST(0.00 AS Numeric(38, 2)), 10, CAST(3690000.00 AS Numeric(38, 2)), 4, 23)
INSERT [dbo].[bulk_order_details] ([bulk_order_detail_id], [applied_tier_price], [discount_snapshot], [quantity], [unit_price_snapshot], [bulk_order_id], [product_id]) VALUES (8, CAST(3200000.00 AS Numeric(38, 2)), CAST(0.00 AS Numeric(38, 2)), 5, CAST(3490000.00 AS Numeric(38, 2)), 5, 24)
INSERT [dbo].[bulk_order_details] ([bulk_order_detail_id], [applied_tier_price], [discount_snapshot], [quantity], [unit_price_snapshot], [bulk_order_id], [product_id]) VALUES (9, CAST(1290000.00 AS Numeric(38, 2)), CAST(0.00 AS Numeric(38, 2)), 10, CAST(1290000.00 AS Numeric(38, 2)), 5, 16)
INSERT [dbo].[bulk_order_details] ([bulk_order_detail_id], [applied_tier_price], [discount_snapshot], [quantity], [unit_price_snapshot], [bulk_order_id], [product_id]) VALUES (10, CAST(890000.00 AS Numeric(38, 2)), CAST(0.00 AS Numeric(38, 2)), 5, CAST(890000.00 AS Numeric(38, 2)), 6, 19)
INSERT [dbo].[bulk_order_details] ([bulk_order_detail_id], [applied_tier_price], [discount_snapshot], [quantity], [unit_price_snapshot], [bulk_order_id], [product_id]) VALUES (11, CAST(3700000.00 AS Numeric(38, 2)), CAST(611000.00 AS Numeric(38, 2)), 22, CAST(3700000.00 AS Numeric(38, 2)), 7, 22)
INSERT [dbo].[bulk_order_details] ([bulk_order_detail_id], [applied_tier_price], [discount_snapshot], [quantity], [unit_price_snapshot], [bulk_order_id], [product_id]) VALUES (12, CAST(3400000.00 AS Numeric(38, 2)), CAST(310700.00 AS Numeric(38, 2)), 16, CAST(3400000.00 AS Numeric(38, 2)), 7, 23)
INSERT [dbo].[bulk_order_details] ([bulk_order_detail_id], [applied_tier_price], [discount_snapshot], [quantity], [unit_price_snapshot], [bulk_order_id], [product_id]) VALUES (13, CAST(3990000.00 AS Numeric(38, 2)), CAST(0.00 AS Numeric(38, 2)), 12, CAST(4311000.00 AS Numeric(38, 2)), 8, 22)
INSERT [dbo].[bulk_order_details] ([bulk_order_detail_id], [applied_tier_price], [discount_snapshot], [quantity], [unit_price_snapshot], [bulk_order_id], [product_id]) VALUES (14, CAST(893800.00 AS Numeric(38, 2)), CAST(0.00 AS Numeric(38, 2)), 11, CAST(893800.00 AS Numeric(38, 2)), 8, 19)
INSERT [dbo].[bulk_order_details] ([bulk_order_detail_id], [applied_tier_price], [discount_snapshot], [quantity], [unit_price_snapshot], [bulk_order_id], [product_id]) VALUES (15, CAST(2511600.00 AS Numeric(38, 2)), CAST(0.00 AS Numeric(38, 2)), 100, CAST(2511600.00 AS Numeric(38, 2)), 8, 18)
INSERT [dbo].[bulk_order_details] ([bulk_order_detail_id], [applied_tier_price], [discount_snapshot], [quantity], [unit_price_snapshot], [bulk_order_id], [product_id]) VALUES (16, CAST(3400000.00 AS Numeric(38, 2)), CAST(0.00 AS Numeric(38, 2)), 11, CAST(3710700.00 AS Numeric(38, 2)), 8, 23)
INSERT [dbo].[bulk_order_details] ([bulk_order_detail_id], [applied_tier_price], [discount_snapshot], [quantity], [unit_price_snapshot], [bulk_order_id], [product_id]) VALUES (17, CAST(4491000.00 AS Numeric(38, 2)), CAST(0.00 AS Numeric(38, 2)), 20, CAST(4491000.00 AS Numeric(38, 2)), 8, 21)
INSERT [dbo].[bulk_order_details] ([bulk_order_detail_id], [applied_tier_price], [discount_snapshot], [quantity], [unit_price_snapshot], [bulk_order_id], [product_id]) VALUES (18, CAST(3200000.00 AS Numeric(38, 2)), CAST(0.00 AS Numeric(38, 2)), 20, CAST(3511200.00 AS Numeric(38, 2)), 8, 24)
INSERT [dbo].[bulk_order_details] ([bulk_order_detail_id], [applied_tier_price], [discount_snapshot], [quantity], [unit_price_snapshot], [bulk_order_id], [product_id]) VALUES (19, CAST(1303800.00 AS Numeric(38, 2)), CAST(0.00 AS Numeric(38, 2)), 1, CAST(1303800.00 AS Numeric(38, 2)), 8, 16)
INSERT [dbo].[bulk_order_details] ([bulk_order_detail_id], [applied_tier_price], [discount_snapshot], [quantity], [unit_price_snapshot], [bulk_order_id], [product_id]) VALUES (20, CAST(1606500.00 AS Numeric(38, 2)), CAST(0.00 AS Numeric(38, 2)), 1, CAST(1606500.00 AS Numeric(38, 2)), 8, 26)
SET IDENTITY_INSERT [dbo].[bulk_order_details] OFF
GO
SET IDENTITY_INSERT [dbo].[order_customization] ON

INSERT [dbo].[order_customization] ([customization_id], [extra_fee], [fee_type], [note], [status], [type], [bulk_order_detail_id], [admin_note]) VALUES (5, CAST(500000.00 AS Numeric(38, 2)), NULL, N'Khắc tên công ty ABC vào vỏ phím', N'COMPLETED', N'ENGRAVING', 6, NULL)
INSERT [dbo].[order_customization] ([customization_id], [extra_fee], [fee_type], [note], [status], [type], [bulk_order_detail_id], [admin_note]) VALUES (6, CAST(200000.00 AS Numeric(38, 2)), NULL, N'Dán decal logo công ty XYZ', N'PENDING', N'STICKER', 7, NULL)
INSERT [dbo].[order_customization] ([customization_id], [extra_fee], [fee_type], [note], [status], [type], [bulk_order_detail_id], [admin_note]) VALUES (7, CAST(150000.00 AS Numeric(38, 2)), NULL, N'Đóng gói quà tặng cao cấp', N'PENDING', N'PACKAGING', 9, NULL)
INSERT [dbo].[order_customization] ([customization_id], [extra_fee], [fee_type], [note], [status], [type], [bulk_order_detail_id], [admin_note]) VALUES (8, CAST(10000.00 AS Numeric(38, 2)), N'PER_UNIT', N'Khắc logo công ty', N'APPROVED', N'LOGO_PRINT', 11, NULL)
INSERT [dbo].[order_customization] ([customization_id], [extra_fee], [fee_type], [note], [status], [type], [bulk_order_detail_id], [admin_note]) VALUES (9, CAST(5000.00 AS Numeric(38, 2)), N'PER_UNIT', N'Đóng gói tặng ghệ', N'APPROVED', N'GIFT_PACKAGING', 12, NULL)
SET IDENTITY_INSERT [dbo].[order_customization] OFF
GO
SET IDENTITY_INSERT [dbo].[branch_product_stock] ON

INSERT [dbo].[branch_product_stock] ([branch_product_stock_id], [last_updated], [quantity], [branch_id], [product_id]) VALUES (9, CAST(N'2026-03-16T23:05:53.5663117' AS DateTime2), 50, 5, 16)
INSERT [dbo].[branch_product_stock] ([branch_product_stock_id], [last_updated], [quantity], [branch_id], [product_id]) VALUES (10, CAST(N'2025-01-15T09:00:00.0000000' AS DateTime2), 100, 6, 17)
INSERT [dbo].[branch_product_stock] ([branch_product_stock_id], [last_updated], [quantity], [branch_id], [product_id]) VALUES (11, CAST(N'2025-01-20T08:00:00.0000000' AS DateTime2), 30, 5, 18)
INSERT [dbo].[branch_product_stock] ([branch_product_stock_id], [last_updated], [quantity], [branch_id], [product_id]) VALUES (12, CAST(N'2025-02-10T09:00:00.0000000' AS DateTime2), 45, 6, 19)
INSERT [dbo].[branch_product_stock] ([branch_product_stock_id], [last_updated], [quantity], [branch_id], [product_id]) VALUES (13, CAST(N'2025-01-05T08:00:00.0000000' AS DateTime2), 25, 7, 20)
INSERT [dbo].[branch_product_stock] ([branch_product_stock_id], [last_updated], [quantity], [branch_id], [product_id]) VALUES (14, CAST(N'2025-02-20T09:00:00.0000000' AS DateTime2), 15, 8, 21)
INSERT [dbo].[branch_product_stock] ([branch_product_stock_id], [last_updated], [quantity], [branch_id], [product_id]) VALUES (15, CAST(N'2025-01-25T10:00:00.0000000' AS DateTime2), 20, 5, 22)
INSERT [dbo].[branch_product_stock] ([branch_product_stock_id], [last_updated], [quantity], [branch_id], [product_id]) VALUES (16, CAST(N'2025-03-15T11:00:00.0000000' AS DateTime2), 35, 6, 23)
INSERT [dbo].[branch_product_stock] ([branch_product_stock_id], [last_updated], [quantity], [branch_id], [product_id]) VALUES (17, CAST(N'2025-01-01T08:00:00.0000000' AS DateTime2), 60, 5, 24)
INSERT [dbo].[branch_product_stock] ([branch_product_stock_id], [last_updated], [quantity], [branch_id], [product_id]) VALUES (18, CAST(N'2024-12-01T08:00:00.0000000' AS DateTime2), 200, 7, 25)
INSERT [dbo].[branch_product_stock] ([branch_product_stock_id], [last_updated], [quantity], [branch_id], [product_id]) VALUES (19, CAST(N'2024-06-01T08:00:00.0000000' AS DateTime2), 40, 8, 26)
INSERT [dbo].[branch_product_stock] ([branch_product_stock_id], [last_updated], [quantity], [branch_id], [product_id]) VALUES (20, CAST(N'2026-03-17T20:56:54.5574645' AS DateTime2), 1112, 5, 42)
INSERT [dbo].[branch_product_stock] ([branch_product_stock_id], [last_updated], [quantity], [branch_id], [product_id]) VALUES (21, CAST(N'2026-03-17T01:32:51.9859522' AS DateTime2), 0, 6, 42)
INSERT [dbo].[branch_product_stock] ([branch_product_stock_id], [last_updated], [quantity], [branch_id], [product_id]) VALUES (22, CAST(N'2026-03-17T01:32:51.9859522' AS DateTime2), 0, 7, 42)
INSERT [dbo].[branch_product_stock] ([branch_product_stock_id], [last_updated], [quantity], [branch_id], [product_id]) VALUES (23, CAST(N'2026-03-17T01:32:51.9859522' AS DateTime2), 0, 8, 42)
INSERT [dbo].[branch_product_stock] ([branch_product_stock_id], [last_updated], [quantity], [branch_id], [product_id]) VALUES (24, CAST(N'2026-03-17T20:55:14.4215114' AS DateTime2), 100, 6, 27)
INSERT [dbo].[branch_product_stock] ([branch_product_stock_id], [last_updated], [quantity], [branch_id], [product_id]) VALUES (25, CAST(N'2026-03-17T20:55:14.4471331' AS DateTime2), 100, 6, 28)
INSERT [dbo].[branch_product_stock] ([branch_product_stock_id], [last_updated], [quantity], [branch_id], [product_id]) VALUES (26, CAST(N'2026-03-17T20:55:14.4506425' AS DateTime2), 111, 6, 29)
INSERT [dbo].[branch_product_stock] ([branch_product_stock_id], [last_updated], [quantity], [branch_id], [product_id]) VALUES (27, CAST(N'2026-03-17T20:55:14.4527108' AS DateTime2), 111, 6, 30)
INSERT [dbo].[branch_product_stock] ([branch_product_stock_id], [last_updated], [quantity], [branch_id], [product_id]) VALUES (28, CAST(N'2026-03-17T20:55:14.4547870' AS DateTime2), 1111, 6, 31)
INSERT [dbo].[branch_product_stock] ([branch_product_stock_id], [last_updated], [quantity], [branch_id], [product_id]) VALUES (29, CAST(N'2026-03-17T20:55:14.4588345' AS DateTime2), 1111, 6, 32)
INSERT [dbo].[branch_product_stock] ([branch_product_stock_id], [last_updated], [quantity], [branch_id], [product_id]) VALUES (30, CAST(N'2026-03-17T20:56:54.5317244' AS DateTime2), 1111, 5, 33)
INSERT [dbo].[branch_product_stock] ([branch_product_stock_id], [last_updated], [quantity], [branch_id], [product_id]) VALUES (31, CAST(N'2026-03-17T20:56:54.5362868' AS DateTime2), 1101, 5, 34)
INSERT [dbo].[branch_product_stock] ([branch_product_stock_id], [last_updated], [quantity], [branch_id], [product_id]) VALUES (32, CAST(N'2026-03-17T20:56:54.5378010' AS DateTime2), 111, 5, 35)
INSERT [dbo].[branch_product_stock] ([branch_product_stock_id], [last_updated], [quantity], [branch_id], [product_id]) VALUES (33, CAST(N'2026-03-17T20:56:54.5413143' AS DateTime2), 127, 5, 36)
INSERT [dbo].[branch_product_stock] ([branch_product_stock_id], [last_updated], [quantity], [branch_id], [product_id]) VALUES (34, CAST(N'2026-03-17T20:56:54.5433367' AS DateTime2), 122, 5, 37)
INSERT [dbo].[branch_product_stock] ([branch_product_stock_id], [last_updated], [quantity], [branch_id], [product_id]) VALUES (35, CAST(N'2026-03-17T20:56:54.5458721' AS DateTime2), 1112, 5, 38)
INSERT [dbo].[branch_product_stock] ([branch_product_stock_id], [last_updated], [quantity], [branch_id], [product_id]) VALUES (36, CAST(N'2026-03-17T20:56:54.5494041' AS DateTime2), 1112, 5, 39)
INSERT [dbo].[branch_product_stock] ([branch_product_stock_id], [last_updated], [quantity], [branch_id], [product_id]) VALUES (37, CAST(N'2026-03-17T20:56:54.5514121' AS DateTime2), 121, 5, 40)
INSERT [dbo].[branch_product_stock] ([branch_product_stock_id], [last_updated], [quantity], [branch_id], [product_id]) VALUES (38, CAST(N'2026-03-17T20:56:54.5554655' AS DateTime2), 1112, 5, 41)
SET IDENTITY_INSERT [dbo].[branch_product_stock] OFF
GO
SET IDENTITY_INSERT [dbo].[bulk_price_tier] ON

INSERT [dbo].[bulk_price_tier] ([bulk_price_tier_id], [is_active], [max_qty], [min_qty], [unit_price], [product_id]) VALUES (8, 1, 9, 1, CAST(4290000.00 AS Numeric(38, 2)), 22)
INSERT [dbo].[bulk_price_tier] ([bulk_price_tier_id], [is_active], [max_qty], [min_qty], [unit_price], [product_id]) VALUES (9, 1, 19, 10, CAST(3990000.00 AS Numeric(38, 2)), 22)
INSERT [dbo].[bulk_price_tier] ([bulk_price_tier_id], [is_active], [max_qty], [min_qty], [unit_price], [product_id]) VALUES (10, 1, NULL, 20, CAST(3700000.00 AS Numeric(38, 2)), 22)
INSERT [dbo].[bulk_price_tier] ([bulk_price_tier_id], [is_active], [max_qty], [min_qty], [unit_price], [product_id]) VALUES (11, 1, 9, 1, CAST(3690000.00 AS Numeric(38, 2)), 23)
INSERT [dbo].[bulk_price_tier] ([bulk_price_tier_id], [is_active], [max_qty], [min_qty], [unit_price], [product_id]) VALUES (12, 1, NULL, 10, CAST(3400000.00 AS Numeric(38, 2)), 23)
INSERT [dbo].[bulk_price_tier] ([bulk_price_tier_id], [is_active], [max_qty], [min_qty], [unit_price], [product_id]) VALUES (13, 1, 4, 1, CAST(3490000.00 AS Numeric(38, 2)), 24)
INSERT [dbo].[bulk_price_tier] ([bulk_price_tier_id], [is_active], [max_qty], [min_qty], [unit_price], [product_id]) VALUES (14, 1, NULL, 5, CAST(3200000.00 AS Numeric(38, 2)), 24)
SET IDENTITY_INSERT [dbo].[bulk_price_tier] OFF
GO
SET IDENTITY_INSERT [dbo].[cart_item] ON

INSERT [dbo].[cart_item] ([cart_item_id], [added_date], [quantity], [cart_id], [product_id]) VALUES (8, CAST(N'2026-03-01T07:30:00.0000000' AS DateTime2), 1, 8, 25)
INSERT [dbo].[cart_item] ([cart_item_id], [added_date], [quantity], [cart_id], [product_id]) VALUES (9, CAST(N'2026-03-01T07:35:00.0000000' AS DateTime2), 2, 8, 17)
INSERT [dbo].[cart_item] ([cart_item_id], [added_date], [quantity], [cart_id], [product_id]) VALUES (10, CAST(N'2026-02-15T14:00:00.0000000' AS DateTime2), 1, 9, 24)
INSERT [dbo].[cart_item] ([cart_item_id], [added_date], [quantity], [cart_id], [product_id]) VALUES (11, CAST(N'2026-02-20T09:00:00.0000000' AS DateTime2), 2, 10, 23)
INSERT [dbo].[cart_item] ([cart_item_id], [added_date], [quantity], [cart_id], [product_id]) VALUES (12, CAST(N'2026-02-10T10:00:00.0000000' AS DateTime2), 1, 11, 21)
INSERT [dbo].[cart_item] ([cart_item_id], [added_date], [quantity], [cart_id], [product_id]) VALUES (13, CAST(N'2026-02-20T15:30:00.0000000' AS DateTime2), 1, 12, 20)
INSERT [dbo].[cart_item] ([cart_item_id], [added_date], [quantity], [cart_id], [product_id]) VALUES (19, CAST(N'2026-03-16T23:02:34.9852501' AS DateTime2), 3, 15, 16)
SET IDENTITY_INSERT [dbo].[cart_item] OFF
GO
SET IDENTITY_INSERT [dbo].[media] ON

INSERT [dbo].[media] ([media_id], [sort_order], [type], [url], [product_id]) VALUES (28, 1, N'IMAGE', N'https://pub-dd1bef83e9814f348c1ea975cca22e4f.r2.dev/elechoshop/others/b462a1f5-7185-4ba3-a440-89084de91e2d_op-lung-magsafe-iphone-15-pro-vai-tinh-det-apple-mt4h3-tim-2-750x500.jpg', 16)
INSERT [dbo].[media] ([media_id], [sort_order], [type], [url], [product_id]) VALUES (29, 0, N'IMAGE', N'https://pub-dd1bef83e9814f348c1ea975cca22e4f.r2.dev/elechoshop/others/b1bd381e-6d0c-4e38-88eb-50b0fa6781ba_op-lung-magsafe-iphone-15-pro-vai-tinh-det-apple-mt4h3-tim-3-750x500.jpg', 16)
INSERT [dbo].[media] ([media_id], [sort_order], [type], [url], [product_id]) VALUES (30, 2, N'IMAGE', N'https://pub-dd1bef83e9814f348c1ea975cca22e4f.r2.dev/elechoshop/others/fba2da05-6561-4d5f-88fb-ae317b41c599_op-lung-magsafe-iphone-15-pro-vai-tinh-det-apple-mt4h3-tim-1-750x500.jpg', 16)
INSERT [dbo].[media] ([media_id], [sort_order], [type], [url], [product_id]) VALUES (31, 0, N'IMAGE', N'https://pub-dd1bef83e9814f348c1ea975cca22e4f.r2.dev/elechoshop/others/3b4a2183-29b6-4a25-badc-f874f11539d2_5_1_1.webp', 17)
INSERT [dbo].[media] ([media_id], [sort_order], [type], [url], [product_id]) VALUES (32, 2, N'IMAGE', N'https://pub-dd1bef83e9814f348c1ea975cca22e4f.r2.dev/elechoshop/others/5773018f-e6fa-49db-a8c7-535199a40a71_frame_41.webp', 17)
INSERT [dbo].[media] ([media_id], [sort_order], [type], [url], [product_id]) VALUES (33, 1, N'IMAGE', N'https://pub-dd1bef83e9814f348c1ea975cca22e4f.r2.dev/elechoshop/others/e5118e73-65f5-460c-8241-ab2a8616726e_2_67.webp', 17)
INSERT [dbo].[media] ([media_id], [sort_order], [type], [url], [product_id]) VALUES (34, 0, N'IMAGE', N'https://pub-dd1bef83e9814f348c1ea975cca22e4f.r2.dev/elechoshop/others/ca6c422d-32f0-4ea7-a127-a322bf1e4029_5_235.webp', 18)
INSERT [dbo].[media] ([media_id], [sort_order], [type], [url], [product_id]) VALUES (35, 1, N'IMAGE', N'https://pub-dd1bef83e9814f348c1ea975cca22e4f.r2.dev/elechoshop/others/7a97dc42-6431-485c-a5a6-bad123140252_3_319.webp', 18)
INSERT [dbo].[media] ([media_id], [sort_order], [type], [url], [product_id]) VALUES (36, 2, N'IMAGE', N'https://pub-dd1bef83e9814f348c1ea975cca22e4f.r2.dev/elechoshop/others/be2e6a3d-6d65-4670-83ff-19313fcf7fec_1_346.jpg', 18)
INSERT [dbo].[media] ([media_id], [sort_order], [type], [url], [product_id]) VALUES (37, 0, N'IMAGE', N'https://pub-dd1bef83e9814f348c1ea975cca22e4f.r2.dev/elechoshop/others/c88fccd8-4bf7-4c09-9239-1eee8a79dad0_k380-multi-device-bluetooth-keyboard.webp', 19)
INSERT [dbo].[media] ([media_id], [sort_order], [type], [url], [product_id]) VALUES (38, 1, N'IMAGE', N'https://pub-dd1bef83e9814f348c1ea975cca22e4f.r2.dev/elechoshop/others/b4dcd5a1-7eed-42c0-b223-685031615db7_k380-multi-device-bluetooth-keyboard_2.webp', 19)
INSERT [dbo].[media] ([media_id], [sort_order], [type], [url], [product_id]) VALUES (39, 2, N'IMAGE', N'https://pub-dd1bef83e9814f348c1ea975cca22e4f.r2.dev/elechoshop/others/a991a368-f749-4909-87f0-9817b592bc94_ban-phim-bluetooth-logitech-k380.webp', 19)
INSERT [dbo].[media] ([media_id], [sort_order], [type], [url], [product_id]) VALUES (40, 1, N'IMAGE', N'https://pub-dd1bef83e9814f348c1ea975cca22e4f.r2.dev/elechoshop/others/b2a3fc36-803e-4056-9098-a40ba7f23b5d_03_1.webp', 20)
INSERT [dbo].[media] ([media_id], [sort_order], [type], [url], [product_id]) VALUES (41, 2, N'IMAGE', N'https://pub-dd1bef83e9814f348c1ea975cca22e4f.r2.dev/elechoshop/others/161f33b4-fba5-4f35-80e6-a6fe1745b270_02_4.webp', 20)
INSERT [dbo].[media] ([media_id], [sort_order], [type], [url], [product_id]) VALUES (42, 0, N'IMAGE', N'https://pub-dd1bef83e9814f348c1ea975cca22e4f.r2.dev/elechoshop/others/d1c861c0-1561-4124-8150-1c768deaf628_tai-nghe-chup-tai-sony-wh-1000xm5-4.webp', 20)
INSERT [dbo].[media] ([media_id], [sort_order], [type], [url], [product_id]) VALUES (43, 3, N'IMAGE', N'https://pub-dd1bef83e9814f348c1ea975cca22e4f.r2.dev/elechoshop/others/35ac3bb2-d8a5-4c29-99cb-cc2d4eae246b_01_2_1_1.webp', 20)
INSERT [dbo].[media] ([media_id], [sort_order], [type], [url], [product_id]) VALUES (44, 1, N'IMAGE', N'https://pub-dd1bef83e9814f348c1ea975cca22e4f.r2.dev/elechoshop/others/1c4df880-e5b9-4e86-a800-9ee145511633_marshall_emberton_ii_1.webp', 21)
INSERT [dbo].[media] ([media_id], [sort_order], [type], [url], [product_id]) VALUES (45, 0, N'IMAGE', N'https://pub-dd1bef83e9814f348c1ea975cca22e4f.r2.dev/elechoshop/others/a6485071-759f-42f6-b437-4ca61c4cab34_marshall_emberton_ii_3.webp', 21)
INSERT [dbo].[media] ([media_id], [sort_order], [type], [url], [product_id]) VALUES (46, 2, N'IMAGE', N'https://pub-dd1bef83e9814f348c1ea975cca22e4f.r2.dev/elechoshop/others/20374c14-abdc-483b-aa89-69dfe48fa4a1_loa-bluetooth-marshall-emberton-ii-ksp_1.png', 21)
INSERT [dbo].[media] ([media_id], [sort_order], [type], [url], [product_id]) VALUES (47, 0, N'IMAGE', N'https://pub-dd1bef83e9814f348c1ea975cca22e4f.r2.dev/elechoshop/others/1d63739e-c047-4c97-bd73-39f7f8b2a20a_z4571453724049_38fee4cd392684bac3f5f2c9f131aaf8_7156f22659e0426cb913402d7ca960ed_master.jpg', 22)
INSERT [dbo].[media] ([media_id], [sort_order], [type], [url], [product_id]) VALUES (48, 2, N'IMAGE', N'https://pub-dd1bef83e9814f348c1ea975cca22e4f.r2.dev/elechoshop/others/50f97db3-96de-4982-82bd-96600da34ea1_2_f69a2d419371436083b3a5521ebec66c_master.jpg', 22)
INSERT [dbo].[media] ([media_id], [sort_order], [type], [url], [product_id]) VALUES (49, 1, N'IMAGE', N'https://pub-dd1bef83e9814f348c1ea975cca22e4f.r2.dev/elechoshop/others/fae937be-3d0b-4c5f-9168-afd0483f4881_z4571450737160_2334de0074ebbfea277f8780519c46ac_568141b69a044b55bd1bf078f86a27a6_master.jpg', 22)
INSERT [dbo].[media] ([media_id], [sort_order], [type], [url], [product_id]) VALUES (50, 2, N'IMAGE', N'https://pub-dd1bef83e9814f348c1ea975cca22e4f.r2.dev/elechoshop/others/aada1619-4078-4237-aaee-52d8d81ad2ca_thumbchuot_acc1428f2df24917bbb963b7e16098ed_c67ceca043874fd69d778f62c28c63f4_master.png', 23)
INSERT [dbo].[media] ([media_id], [sort_order], [type], [url], [product_id]) VALUES (51, 0, N'IMAGE', N'https://pub-dd1bef83e9814f348c1ea975cca22e4f.r2.dev/elechoshop/others/3af2dadc-57f9-4b73-a28f-6fca5ea8d2ac_g-day-razer-deathadder-v3-pro-black-5_dc9af905e20d41efb1952303ab3c444c_24a8518eb02c4a9aad9974f9859f8.jpg', 23)
INSERT [dbo].[media] ([media_id], [sort_order], [type], [url], [product_id]) VALUES (52, 1, N'IMAGE', N'https://pub-dd1bef83e9814f348c1ea975cca22e4f.r2.dev/elechoshop/others/a65704c3-b52e-4277-abf2-aa46ea004c68_thumbchuot_acc1428f2df24917bbb963b7e16098ed_c67ceca043874fd69d778f62c28c63f4_master_1.png', 23)
INSERT [dbo].[media] ([media_id], [sort_order], [type], [url], [product_id]) VALUES (53, 2, N'IMAGE', N'https://pub-dd1bef83e9814f348c1ea975cca22e4f.r2.dev/elechoshop/others/06dfe789-cb78-424f-af4c-db21c02d8913_text_ng_n_3_8_29.webp', 24)
INSERT [dbo].[media] ([media_id], [sort_order], [type], [url], [product_id]) VALUES (54, 3, N'IMAGE', N'https://pub-dd1bef83e9814f348c1ea975cca22e4f.r2.dev/elechoshop/others/a221a0e0-7bda-442a-b3ba-4a4281f614f0_text_ng_n_2_10_38.webp', 24)
INSERT [dbo].[media] ([media_id], [sort_order], [type], [url], [product_id]) VALUES (55, 1, N'IMAGE', N'https://pub-dd1bef83e9814f348c1ea975cca22e4f.r2.dev/elechoshop/others/69482e45-917c-42a7-b08a-4dc39549387a_text_ng_n_6_5_30.webp', 24)
INSERT [dbo].[media] ([media_id], [sort_order], [type], [url], [product_id]) VALUES (56, 0, N'IMAGE', N'https://pub-dd1bef83e9814f348c1ea975cca22e4f.r2.dev/elechoshop/others/2d370709-a3d1-46ee-85ed-ba49ff71bed9_text_ng_n_8_8_24.webp', 24)
INSERT [dbo].[media] ([media_id], [sort_order], [type], [url], [product_id]) VALUES (57, 0, N'IMAGE', N'https://pub-dd1bef83e9814f348c1ea975cca22e4f.r2.dev/elechoshop/others/caa3c134-1d5c-44e7-8a6b-4a08e504f1d8_usb-kingston-datatraveler-exodia-dtx-64gb_2.webp', 25)
INSERT [dbo].[media] ([media_id], [sort_order], [type], [url], [product_id]) VALUES (58, 2, N'IMAGE', N'https://pub-dd1bef83e9814f348c1ea975cca22e4f.r2.dev/elechoshop/others/c892a975-4bda-4718-9b0f-1db70b45ddbe_usb-kingston-datatraveler-exodia-dtx-64gb-1.webp', 25)
INSERT [dbo].[media] ([media_id], [sort_order], [type], [url], [product_id]) VALUES (59, 1, N'IMAGE', N'https://pub-dd1bef83e9814f348c1ea975cca22e4f.r2.dev/elechoshop/others/556f1185-ffa7-4f99-b4c2-5e0e9feaf24c_usb-kingston-datatraveler-exodia-dtx-64gb_3.webp', 25)
INSERT [dbo].[media] ([media_id], [sort_order], [type], [url], [product_id]) VALUES (60, 1, N'IMAGE', N'https://pub-dd1bef83e9814f348c1ea975cca22e4f.r2.dev/elechoshop/others/1ea352e5-6d1f-45e1-88b9-a3c25abfe3c9_o-cung-hdd-wd-blue-2tb-3-5-sata-wd20ezbx_1.webp', 26)
INSERT [dbo].[media] ([media_id], [sort_order], [type], [url], [product_id]) VALUES (61, 0, N'IMAGE', N'https://pub-dd1bef83e9814f348c1ea975cca22e4f.r2.dev/elechoshop/others/2ba8ccef-5d8b-4fc2-b035-c6b004ae397a_o-cung-hdd-wd-blue-2tb-3-5-sata-wd20ezbx_3.webp', 26)
INSERT [dbo].[media] ([media_id], [sort_order], [type], [url], [product_id]) VALUES (62, 1, N'IMAGE', N'https://pub-dd1bef83e9814f348c1ea975cca22e4f.r2.dev/elechoshop/others/08e20ce6-020e-49e4-ad6b-da046b171486_ban-phim-co-khong-day-aula-f75-den.webp', 27)
INSERT [dbo].[media] ([media_id], [sort_order], [type], [url], [product_id]) VALUES (63, 2, N'IMAGE', N'https://pub-dd1bef83e9814f348c1ea975cca22e4f.r2.dev/elechoshop/others/70740174-0735-40ff-8fbb-e36358a6abd8_ban-phim-co-khong-day-aula-f75-den-3.webp', 27)
INSERT [dbo].[media] ([media_id], [sort_order], [type], [url], [product_id]) VALUES (64, 3, N'IMAGE', N'https://pub-dd1bef83e9814f348c1ea975cca22e4f.r2.dev/elechoshop/others/7c9741a7-095f-45d9-9426-6b7c5d0b5d72_ban-phim-co-khong-day-aula-f75-den-2.webp', 27)
INSERT [dbo].[media] ([media_id], [sort_order], [type], [url], [product_id]) VALUES (65, 0, N'IMAGE', N'https://pub-dd1bef83e9814f348c1ea975cca22e4f.r2.dev/elechoshop/others/3a5779a8-38da-4e5e-9590-da449d2195d6_ban-phim-co-khong-day-aula-f75-den-1.webp', 27)
INSERT [dbo].[media] ([media_id], [sort_order], [type], [url], [product_id]) VALUES (66, 0, N'IMAGE', N'https://pub-dd1bef83e9814f348c1ea975cca22e4f.r2.dev/elechoshop/others/77d92927-4fbb-4fce-bb0d-4fee4effed41_chuot-gaming-khong-day-asus-rog-strix-impact-iii-wl_7.webp', 28)
INSERT [dbo].[media] ([media_id], [sort_order], [type], [url], [product_id]) VALUES (67, 4, N'IMAGE', N'https://pub-dd1bef83e9814f348c1ea975cca22e4f.r2.dev/elechoshop/others/0d520f1e-316a-4738-b567-6943b9de010e_chuot-gaming-khong-day-asus-rog-strix-impact-iii-wl.webp', 28)
INSERT [dbo].[media] ([media_id], [sort_order], [type], [url], [product_id]) VALUES (68, 3, N'IMAGE', N'https://pub-dd1bef83e9814f348c1ea975cca22e4f.r2.dev/elechoshop/others/d4989f2b-5acc-498d-a8ef-b5844cc4683d_chuot-gaming-khong-day-asus-rog-strix-impact-iii-wl_2.webp', 28)
INSERT [dbo].[media] ([media_id], [sort_order], [type], [url], [product_id]) VALUES (69, 2, N'IMAGE', N'https://pub-dd1bef83e9814f348c1ea975cca22e4f.r2.dev/elechoshop/others/38dfd808-5c4c-4b13-8b26-5a950b5e6e98_chuot-gaming-khong-day-asus-rog-strix-impact-iii-wl_4.webp', 28)
INSERT [dbo].[media] ([media_id], [sort_order], [type], [url], [product_id]) VALUES (70, 1, N'IMAGE', N'https://pub-dd1bef83e9814f348c1ea975cca22e4f.r2.dev/elechoshop/others/cc68995d-23ad-4d04-afdd-984d0556233f_chuot-gaming-khong-day-asus-rog-strix-impact-iii-wl_6.webp', 28)
INSERT [dbo].[media] ([media_id], [sort_order], [type], [url], [product_id]) VALUES (71, 0, N'IMAGE', N'https://pub-dd1bef83e9814f348c1ea975cca22e4f.r2.dev/elechoshop/others/cd7f6427-b503-468e-8790-6e76244e0734_tuf-m3-gen-2-2.webp', 29)
INSERT [dbo].[media] ([media_id], [sort_order], [type], [url], [product_id]) VALUES (72, 1, N'IMAGE', N'https://pub-dd1bef83e9814f348c1ea975cca22e4f.r2.dev/elechoshop/others/27f93016-a3c3-4b46-8449-14c279011d02_tuf-m3-gen-2-4.webp', 29)
INSERT [dbo].[media] ([media_id], [sort_order], [type], [url], [product_id]) VALUES (73, 2, N'IMAGE', N'https://pub-dd1bef83e9814f348c1ea975cca22e4f.r2.dev/elechoshop/others/2f360984-4e60-42dc-9232-f5a9a540516e_tuf-m3-gen-2-7.webp', 29)
INSERT [dbo].[media] ([media_id], [sort_order], [type], [url], [product_id]) VALUES (74, 0, N'IMAGE', N'https://pub-dd1bef83e9814f348c1ea975cca22e4f.r2.dev/elechoshop/others/1e01806d-e677-438c-9d39-586c6cd6d3a7_ban-phim-gaming-msi-forge-gk100-rgb-led-den-4.webp', 30)
INSERT [dbo].[media] ([media_id], [sort_order], [type], [url], [product_id]) VALUES (75, 2, N'IMAGE', N'https://pub-dd1bef83e9814f348c1ea975cca22e4f.r2.dev/elechoshop/others/e9f74151-508e-4fc1-b23e-9a8a149b7c4d_ban-phim-gaming-msi-forge-gk100-rgb-led-den-1.webp', 30)
INSERT [dbo].[media] ([media_id], [sort_order], [type], [url], [product_id]) VALUES (76, 3, N'IMAGE', N'https://pub-dd1bef83e9814f348c1ea975cca22e4f.r2.dev/elechoshop/others/d9bf8673-976d-4de4-8c10-19bf75453723_ban-phim-gaming-msi-forge-gk100-rgb-led-den.webp', 30)
INSERT [dbo].[media] ([media_id], [sort_order], [type], [url], [product_id]) VALUES (77, 1, N'IMAGE', N'https://pub-dd1bef83e9814f348c1ea975cca22e4f.r2.dev/elechoshop/others/b6406b36-27f1-41b1-8332-b23d0c66b994_ban-phim-gaming-msi-forge-gk100-rgb-led-den-2.webp', 30)
INSERT [dbo].[media] ([media_id], [sort_order], [type], [url], [product_id]) VALUES (78, 1, N'IMAGE', N'https://pub-dd1bef83e9814f348c1ea975cca22e4f.r2.dev/elechoshop/others/c9e7d8d4-6f19-41d0-b898-dbcfc43b3691_frame_427320809.webp', 31)
INSERT [dbo].[media] ([media_id], [sort_order], [type], [url], [product_id]) VALUES (79, 2, N'IMAGE', N'https://pub-dd1bef83e9814f348c1ea975cca22e4f.r2.dev/elechoshop/others/53a72cb6-e325-4be2-886d-25cc08b44531_frame_427320810.webp', 31)
INSERT [dbo].[media] ([media_id], [sort_order], [type], [url], [product_id]) VALUES (80, 0, N'IMAGE', N'https://pub-dd1bef83e9814f348c1ea975cca22e4f.r2.dev/elechoshop/others/c16d2e36-11f9-4d25-ac5c-e8af6cbf87c6_frame_427320808.webp', 31)
INSERT [dbo].[media] ([media_id], [sort_order], [type], [url], [product_id]) VALUES (81, 3, N'IMAGE', N'https://pub-dd1bef83e9814f348c1ea975cca22e4f.r2.dev/elechoshop/others/2eafdfdc-d60b-46fd-9d1a-752ff3820db9_frame_427320807.webp', 31)
INSERT [dbo].[media] ([media_id], [sort_order], [type], [url], [product_id]) VALUES (82, 1, N'IMAGE', N'https://pub-dd1bef83e9814f348c1ea975cca22e4f.r2.dev/elechoshop/others/8556efbe-30db-406a-b1c8-46be19e58710_the-nho-sandisk-64gb-class-10-100mbs.webp', 32)
INSERT [dbo].[media] ([media_id], [sort_order], [type], [url], [product_id]) VALUES (83, 0, N'IMAGE', N'https://pub-dd1bef83e9814f348c1ea975cca22e4f.r2.dev/elechoshop/others/e745422d-d074-4347-b2b1-2c9ddea5a623_the-nho-sandisk-64gb-class-10-100mbs_2.webp', 32)
INSERT [dbo].[media] ([media_id], [sort_order], [type], [url], [product_id]) VALUES (84, 0, N'IMAGE', N'https://pub-dd1bef83e9814f348c1ea975cca22e4f.r2.dev/elechoshop/others/5c5a91db-fcbc-4bea-91fa-43245ef68593_128.webp', 33)
INSERT [dbo].[media] ([media_id], [sort_order], [type], [url], [product_id]) VALUES (85, 1, N'IMAGE', N'https://pub-dd1bef83e9814f348c1ea975cca22e4f.r2.dev/elechoshop/others/08aaa0ec-ef63-4a2c-b07c-62dcb706ffa0_127.webp', 33)
INSERT [dbo].[media] ([media_id], [sort_order], [type], [url], [product_id]) VALUES (86, 2, N'IMAGE', N'https://pub-dd1bef83e9814f348c1ea975cca22e4f.r2.dev/elechoshop/others/c8a9d480-aced-498e-967d-bf56116587bb_the-nho-micro-sdxc-sandisk-extreme-pro-v30-a2-256gb-200mbs.webp', 33)
INSERT [dbo].[media] ([media_id], [sort_order], [type], [url], [product_id]) VALUES (87, 2, N'IMAGE', N'https://pub-dd1bef83e9814f348c1ea975cca22e4f.r2.dev/elechoshop/others/5dfee1c4-7540-4e02-b6d4-730b8bc39198_chuot-gaming-khong-day-aula-sc800_3.webp', 34)
INSERT [dbo].[media] ([media_id], [sort_order], [type], [url], [product_id]) VALUES (88, 3, N'IMAGE', N'https://pub-dd1bef83e9814f348c1ea975cca22e4f.r2.dev/elechoshop/others/45441cf6-2b40-4b06-a3f6-a9f8b11d5bee_chuot-gaming-khong-day-aula-sc800_5.webp', 34)
INSERT [dbo].[media] ([media_id], [sort_order], [type], [url], [product_id]) VALUES (89, 1, N'IMAGE', N'https://pub-dd1bef83e9814f348c1ea975cca22e4f.r2.dev/elechoshop/others/09168718-5074-4bce-ad54-6f19f3c015b6_chuot-gaming-khong-day-aula-sc800_9.webp', 34)
INSERT [dbo].[media] ([media_id], [sort_order], [type], [url], [product_id]) VALUES (90, 4, N'IMAGE', N'https://pub-dd1bef83e9814f348c1ea975cca22e4f.r2.dev/elechoshop/others/7af2a488-6951-47e6-aec1-2d7ede4ad76a_chuot-gaming-khong-day-aula-sc800_7.webp', 34)
INSERT [dbo].[media] ([media_id], [sort_order], [type], [url], [product_id]) VALUES (91, 0, N'IMAGE', N'https://pub-dd1bef83e9814f348c1ea975cca22e4f.r2.dev/elechoshop/others/db8662a4-3d01-4d11-946f-1605aa8dda75_chuot-gaming-khong-day-aula-sc800_1.webp', 34)
INSERT [dbo].[media] ([media_id], [sort_order], [type], [url], [product_id]) VALUES (92, 3, N'IMAGE', N'https://pub-dd1bef83e9814f348c1ea975cca22e4f.r2.dev/elechoshop/others/338a0e2e-b773-4cfa-88bc-68cd6fbc76b7_ban-phim-khong-day-logitech-k580-2.webp', 35)
INSERT [dbo].[media] ([media_id], [sort_order], [type], [url], [product_id]) VALUES (93, 1, N'IMAGE', N'https://pub-dd1bef83e9814f348c1ea975cca22e4f.r2.dev/elechoshop/others/a8ff1634-37d0-4e52-99b6-aa0f52ee84c9_ban-phim-khong-day-logitech-k580-4.webp', 35)
INSERT [dbo].[media] ([media_id], [sort_order], [type], [url], [product_id]) VALUES (94, 2, N'IMAGE', N'https://pub-dd1bef83e9814f348c1ea975cca22e4f.r2.dev/elechoshop/others/b05ce9fd-b8d3-4adb-8611-9e461903e677_ban-phim-khong-day-logitech-k580-3.webp', 35)
INSERT [dbo].[media] ([media_id], [sort_order], [type], [url], [product_id]) VALUES (95, 0, N'IMAGE', N'https://pub-dd1bef83e9814f348c1ea975cca22e4f.r2.dev/elechoshop/others/6d5d7713-a1c4-4deb-8f02-a4f1277751d5_ban-phim-khong-day-logitech-k580-1_1.webp', 35)
INSERT [dbo].[media] ([media_id], [sort_order], [type], [url], [product_id]) VALUES (96, 3, N'IMAGE', N'https://pub-dd1bef83e9814f348c1ea975cca22e4f.r2.dev/elechoshop/others/b86ad60c-d4da-494f-9ecb-68e70d1570c8_ban-phim-co-aula-s2022-blue-switch-1.webp', 36)
INSERT [dbo].[media] ([media_id], [sort_order], [type], [url], [product_id]) VALUES (97, 1, N'IMAGE', N'https://pub-dd1bef83e9814f348c1ea975cca22e4f.r2.dev/elechoshop/others/0001930e-ebe5-443d-b5ac-0ea33467667a_frame_516_6.webp', 36)
INSERT [dbo].[media] ([media_id], [sort_order], [type], [url], [product_id]) VALUES (98, 4, N'IMAGE', N'https://pub-dd1bef83e9814f348c1ea975cca22e4f.r2.dev/elechoshop/others/3bc2bb8b-db72-42b1-93b3-1606b564f037_ban-phim-co-aula-s2022-blue-switch-3.webp', 36)
INSERT [dbo].[media] ([media_id], [sort_order], [type], [url], [product_id]) VALUES (99, 2, N'IMAGE', N'https://pub-dd1bef83e9814f348c1ea975cca22e4f.r2.dev/elechoshop/others/6aa5e752-64d1-4118-8135-b1b221e1907f_frame_516_5.webp', 36)
INSERT [dbo].[media] ([media_id], [sort_order], [type], [url], [product_id]) VALUES (100, 0, N'IMAGE', N'https://pub-dd1bef83e9814f348c1ea975cca22e4f.r2.dev/elechoshop/others/d06ac685-fec8-43c6-8aa2-09a2e0ff5cd1_frame_516_4.webp', 36)
INSERT [dbo].[media] ([media_id], [sort_order], [type], [url], [product_id]) VALUES (101, 2, N'IMAGE', N'https://pub-dd1bef83e9814f348c1ea975cca22e4f.r2.dev/elechoshop/others/e80cb457-f954-40e8-b33f-2cd566c53a47_frame_379_2025-06-16t162740.130.webp', 37)
INSERT [dbo].[media] ([media_id], [sort_order], [type], [url], [product_id]) VALUES (102, 3, N'IMAGE', N'https://pub-dd1bef83e9814f348c1ea975cca22e4f.r2.dev/elechoshop/others/53da47d0-6516-4911-8606-9662f564a222_frame_379_2025-06-16t162650.878.webp', 37)
INSERT [dbo].[media] ([media_id], [sort_order], [type], [url], [product_id]) VALUES (103, 0, N'IMAGE', N'https://pub-dd1bef83e9814f348c1ea975cca22e4f.r2.dev/elechoshop/others/9706deb4-2024-478d-8c41-5c2a3c286f66_frame_379_2025-06-16t162800.729.webp', 37)
INSERT [dbo].[media] ([media_id], [sort_order], [type], [url], [product_id]) VALUES (104, 1, N'IMAGE', N'https://pub-dd1bef83e9814f348c1ea975cca22e4f.r2.dev/elechoshop/others/1c5f3e0c-6407-4aee-926f-4b7a86b47aa8_frame_379_2025-06-16t162841.916.webp', 37)
INSERT [dbo].[media] ([media_id], [sort_order], [type], [url], [product_id]) VALUES (105, 1, N'IMAGE', N'https://pub-dd1bef83e9814f348c1ea975cca22e4f.r2.dev/elechoshop/others/1d05fac5-0fb2-4a45-9a9b-c6433b8e8d3f_jbl_flip_6_10.webp', 38)
INSERT [dbo].[media] ([media_id], [sort_order], [type], [url], [product_id]) VALUES (106, 3, N'IMAGE', N'https://pub-dd1bef83e9814f348c1ea975cca22e4f.r2.dev/elechoshop/others/e36b6f1f-9af4-4afc-a2e8-425f080efe9b_jbl_flip_6_3.webp', 38)
INSERT [dbo].[media] ([media_id], [sort_order], [type], [url], [product_id]) VALUES (107, 0, N'IMAGE', N'https://pub-dd1bef83e9814f348c1ea975cca22e4f.r2.dev/elechoshop/others/271300e3-b000-41cb-a9f3-2531e9f848e5_jbl_flip_6_12.webp', 38)
INSERT [dbo].[media] ([media_id], [sort_order], [type], [url], [product_id]) VALUES (108, 2, N'IMAGE', N'https://pub-dd1bef83e9814f348c1ea975cca22e4f.r2.dev/elechoshop/others/1d6230db-7d1a-405c-9276-8636cd5ed58e_jbl_flip_6_11.webp', 38)
INSERT [dbo].[media] ([media_id], [sort_order], [type], [url], [product_id]) VALUES (109, 2, N'IMAGE', N'https://pub-dd1bef83e9814f348c1ea975cca22e4f.r2.dev/elechoshop/others/91b72363-28e0-426a-b572-4f56a3e2934a_jbl-charge-6-bl-3.webp', 39)
INSERT [dbo].[media] ([media_id], [sort_order], [type], [url], [product_id]) VALUES (110, 3, N'IMAGE', N'https://pub-dd1bef83e9814f348c1ea975cca22e4f.r2.dev/elechoshop/others/8896c8ef-e65e-41d1-b3f8-d7f80977e32e_jbl-charge-6-bl.webp', 39)
INSERT [dbo].[media] ([media_id], [sort_order], [type], [url], [product_id]) VALUES (111, 0, N'IMAGE', N'https://pub-dd1bef83e9814f348c1ea975cca22e4f.r2.dev/elechoshop/others/ee1682f7-eebb-4bef-bbd5-18bc606607ae_jbl-charge-6-bl-2.webp', 39)
INSERT [dbo].[media] ([media_id], [sort_order], [type], [url], [product_id]) VALUES (112, 1, N'IMAGE', N'https://pub-dd1bef83e9814f348c1ea975cca22e4f.r2.dev/elechoshop/others/9d8fc0ba-a527-482b-ae2f-60dfdf2dcd61_jbl-charge-6-bl-1.webp', 39)
INSERT [dbo].[media] ([media_id], [sort_order], [type], [url], [product_id]) VALUES (113, 0, N'IMAGE', N'https://pub-dd1bef83e9814f348c1ea975cca22e4f.r2.dev/elechoshop/others/8cf8ff8b-6ab1-43a3-b36a-d4506504d216_loa-bluetooth-sony-srs-xb100-3.webp', 40)
INSERT [dbo].[media] ([media_id], [sort_order], [type], [url], [product_id]) VALUES (114, 1, N'IMAGE', N'https://pub-dd1bef83e9814f348c1ea975cca22e4f.r2.dev/elechoshop/others/5fbce5df-66d3-473a-8e7f-aefb844dc6d7_loa-bluetooth-sony-srs-xb100-5.webp', 40)
INSERT [dbo].[media] ([media_id], [sort_order], [type], [url], [product_id]) VALUES (115, 2, N'IMAGE', N'https://pub-dd1bef83e9814f348c1ea975cca22e4f.r2.dev/elechoshop/others/ab1de6ae-d209-498a-9a00-b86b4ced37b0_loa-bluetooth-sony-srs-xb100-7.webp', 40)
INSERT [dbo].[media] ([media_id], [sort_order], [type], [url], [product_id]) VALUES (116, 2, N'IMAGE', N'https://pub-dd1bef83e9814f348c1ea975cca22e4f.r2.dev/elechoshop/others/8ff611b5-6a5c-4c21-9669-9a13aa24ded7_loa-bluetooth-sony-ult-field-1_1.webp', 41)
INSERT [dbo].[media] ([media_id], [sort_order], [type], [url], [product_id]) VALUES (117, 1, N'IMAGE', N'https://pub-dd1bef83e9814f348c1ea975cca22e4f.r2.dev/elechoshop/others/ddca7c2a-0e4a-4656-88f5-65af01b15b1f_02_2_2.webp', 41)
INSERT [dbo].[media] ([media_id], [sort_order], [type], [url], [product_id]) VALUES (118, 0, N'IMAGE', N'https://pub-dd1bef83e9814f348c1ea975cca22e4f.r2.dev/elechoshop/others/0cd0ce4e-b133-4970-baaa-e03733200e41_01_6_5.webp', 41)
INSERT [dbo].[media] ([media_id], [sort_order], [type], [url], [product_id]) VALUES (119, 1, N'IMAGE', N'https://pub-dd1bef83e9814f348c1ea975cca22e4f.r2.dev/elechoshop/others/2396eaa3-51d5-473b-b1d5-34eec76521e7_frame_2_54.webp', 42)
INSERT [dbo].[media] ([media_id], [sort_order], [type], [url], [product_id]) VALUES (120, 0, N'IMAGE', N'https://pub-dd1bef83e9814f348c1ea975cca22e4f.r2.dev/elechoshop/others/b2222829-5303-48df-bb38-8ba415c2e643_sac-anker-zolo-b2697-3c1a-140w-kem-cap-usb-c_6.webp', 42)
INSERT [dbo].[media] ([media_id], [sort_order], [type], [url], [product_id]) VALUES (121, 2, N'IMAGE', N'https://pub-dd1bef83e9814f348c1ea975cca22e4f.r2.dev/elechoshop/others/ec5245eb-9c24-454e-b530-9772f1fbfb00_frame_2_53.webp', 42)
SET IDENTITY_INSERT [dbo].[media] OFF
GO
SET IDENTITY_INSERT [dbo].[stock_transactions] ON

INSERT [dbo].[stock_transactions] ([id], [created_date], [note], [type], [branch_id]) VALUES (1, CAST(N'2026-03-17T00:00:00.0000000' AS DateTime2), N'', N'IMPORT', 6)
INSERT [dbo].[stock_transactions] ([id], [created_date], [note], [type], [branch_id]) VALUES (2, CAST(N'2026-03-17T00:00:00.0000000' AS DateTime2), N'', N'IMPORT', 5)
SET IDENTITY_INSERT [dbo].[stock_transactions] OFF
GO
SET IDENTITY_INSERT [dbo].[stock_transaction_items] ON

INSERT [dbo].[stock_transaction_items] ([id], [price], [quantity], [product_id], [transaction_id]) VALUES (1, CAST(1124250.00 AS Numeric(38, 2)), 100, 27, 1)
INSERT [dbo].[stock_transaction_items] ([id], [price], [quantity], [product_id], [transaction_id]) VALUES (2, CAST(1033500.00 AS Numeric(38, 2)), 100, 28, 1)
INSERT [dbo].[stock_transaction_items] ([id], [price], [quantity], [product_id], [transaction_id]) VALUES (3, CAST(442500.00 AS Numeric(38, 2)), 111, 29, 1)
INSERT [dbo].[stock_transaction_items] ([id], [price], [quantity], [product_id], [transaction_id]) VALUES (4, CAST(367500.00 AS Numeric(38, 2)), 111, 30, 1)
INSERT [dbo].[stock_transaction_items] ([id], [price], [quantity], [product_id], [transaction_id]) VALUES (5, CAST(742500.00 AS Numeric(38, 2)), 1111, 31, 1)
INSERT [dbo].[stock_transaction_items] ([id], [price], [quantity], [product_id], [transaction_id]) VALUES (6, CAST(312000.00 AS Numeric(38, 2)), 1111, 32, 1)
INSERT [dbo].[stock_transaction_items] ([id], [price], [quantity], [product_id], [transaction_id]) VALUES (7, CAST(1665000.00 AS Numeric(38, 2)), 1111, 33, 2)
INSERT [dbo].[stock_transaction_items] ([id], [price], [quantity], [product_id], [transaction_id]) VALUES (8, CAST(1105000.00 AS Numeric(38, 2)), 1101, 34, 2)
INSERT [dbo].[stock_transaction_items] ([id], [price], [quantity], [product_id], [transaction_id]) VALUES (9, CAST(1071000.00 AS Numeric(38, 2)), 111, 35, 2)
INSERT [dbo].[stock_transaction_items] ([id], [price], [quantity], [product_id], [transaction_id]) VALUES (10, CAST(553000.00 AS Numeric(38, 2)), 127, 36, 2)
INSERT [dbo].[stock_transaction_items] ([id], [price], [quantity], [product_id], [transaction_id]) VALUES (11, CAST(404100.00 AS Numeric(38, 2)), 122, 37, 2)
INSERT [dbo].[stock_transaction_items] ([id], [price], [quantity], [product_id], [transaction_id]) VALUES (12, CAST(2250000.00 AS Numeric(38, 2)), 1112, 38, 2)
INSERT [dbo].[stock_transaction_items] ([id], [price], [quantity], [product_id], [transaction_id]) VALUES (13, CAST(3600000.00 AS Numeric(38, 2)), 1112, 39, 2)
INSERT [dbo].[stock_transaction_items] ([id], [price], [quantity], [product_id], [transaction_id]) VALUES (14, CAST(1192000.00 AS Numeric(38, 2)), 121, 40, 2)
INSERT [dbo].[stock_transaction_items] ([id], [price], [quantity], [product_id], [transaction_id]) VALUES (15, CAST(2000000.00 AS Numeric(38, 2)), 1112, 41, 2)
INSERT [dbo].[stock_transaction_items] ([id], [price], [quantity], [product_id], [transaction_id]) VALUES (16, CAST(1500000.00 AS Numeric(38, 2)), 1112, 42, 2)
SET IDENTITY_INSERT [dbo].[stock_transaction_items] OFF
GO
SET IDENTITY_INSERT [dbo].[warranty] ON

INSERT [dbo].[warranty] ([warranty_id], [end_date], [start_date], [warranty_period_months], [warranty_terms], [product_id]) VALUES (6, CAST(N'2026-01-10T00:00:00.0000000' AS DateTime2), CAST(N'2025-01-10T00:00:00.0000000' AS DateTime2), 12, N'Bảo hành chính hãng 12 tháng.', 16)
INSERT [dbo].[warranty] ([warranty_id], [end_date], [start_date], [warranty_period_months], [warranty_terms], [product_id]) VALUES (7, CAST(N'2026-01-15T00:00:00.0000000' AS DateTime2), CAST(N'2025-01-15T00:00:00.0000000' AS DateTime2), 12, N'Bảo hành 1 đổi 1 trong 12 tháng nếu có lỗi NSX.', 17)
INSERT [dbo].[warranty] ([warranty_id], [end_date], [start_date], [warranty_period_months], [warranty_terms], [product_id]) VALUES (8, CAST(N'2026-01-05T00:00:00.0000000' AS DateTime2), CAST(N'2025-01-05T00:00:00.0000000' AS DateTime2), 12, N'Bảo hành chính hãng Sony Việt Nam 12 tháng.', 20)
INSERT [dbo].[warranty] ([warranty_id], [end_date], [start_date], [warranty_period_months], [warranty_terms], [product_id]) VALUES (9, CAST(N'2027-01-25T00:00:00.0000000' AS DateTime2), CAST(N'2025-01-25T00:00:00.0000000' AS DateTime2), 24, N'Bàn hành chính hãng Razer 2 năm.', 22)
INSERT [dbo].[warranty] ([warranty_id], [end_date], [start_date], [warranty_period_months], [warranty_terms], [product_id]) VALUES (10, CAST(N'2030-01-01T00:00:00.0000000' AS DateTime2), CAST(N'2025-01-01T00:00:00.0000000' AS DateTime2), 60, N'Bảo hành 5 năm hoặc theo thông số TBW.', 24)
SET IDENTITY_INSERT [dbo].[warranty] OFF
GO
SET IDENTITY_INSERT [dbo].[banners] ON

INSERT [dbo].[banners] ([id], [background_color], [button_link], [button_text], [created_at], [description], [end_date], [image_key], [image_url], [is_active], [position], [sort_order], [start_date], [subtitle], [text_color], [title], [updated_at]) VALUES (4, NULL, NULL, NULL, CAST(N'2026-03-16T23:50:04.4629241' AS DateTime2), NULL, CAST(N'2027-05-16T16:49:00.0000000' AS DateTime2), N'banners/Gemini_Generated_Image_eizbrdeizbrdeizb.webp', N'https://pub-dd1bef83e9814f348c1ea975cca22e4f.r2.dev/elechoshop/others/7ca73327-8d4f-4ea1-9223-d83076ea9643_Gemini_Generated_Image_eizbrdeizbrdeizb.webp', 1, N'MAIN', 0, CAST(N'2026-03-15T16:49:00.0000000' AS DateTime2), NULL, NULL, NULL, CAST(N'2026-03-16T23:50:04.4629241' AS DateTime2))
INSERT [dbo].[banners] ([id], [background_color], [button_link], [button_text], [created_at], [description], [end_date], [image_key], [image_url], [is_active], [position], [sort_order], [start_date], [subtitle], [text_color], [title], [updated_at]) VALUES (6, N'#FFFFFF', NULL, NULL, CAST(N'2026-03-17T00:05:09.6703099' AS DateTime2), NULL, CAST(N'2027-05-16T17:05:00.0000000' AS DateTime2), N'banners/acer-banner.png', N'https://pub-dd1bef83e9814f348c1ea975cca22e4f.r2.dev/elechoshop/others/1bbde026-f74c-4a99-b1dc-de8b4f2eb76a_acer-banner.png', 1, N'MAIN', 0, CAST(N'2026-03-15T17:05:00.0000000' AS DateTime2), NULL, N'#000000', NULL, CAST(N'2026-03-17T00:05:09.6703099' AS DateTime2))
INSERT [dbo].[banners] ([id], [background_color], [button_link], [button_text], [created_at], [description], [end_date], [image_key], [image_url], [is_active], [position], [sort_order], [start_date], [subtitle], [text_color], [title], [updated_at]) VALUES (7, N'#FFFFFF', NULL, NULL, CAST(N'2026-03-17T00:05:34.3104983' AS DateTime2), NULL, CAST(N'2027-05-16T17:05:00.0000000' AS DateTime2), N'banners/gearvn-man-hinh-t10-slider.jpg', N'https://pub-dd1bef83e9814f348c1ea975cca22e4f.r2.dev/elechoshop/others/87eead80-fc27-492a-a9ad-2f78b45a1aa0_gearvn-man-hinh-t10-slider.jpg', 1, N'MAIN', 3, CAST(N'2026-03-15T17:05:00.0000000' AS DateTime2), NULL, N'#000000', NULL, CAST(N'2026-03-17T00:05:34.3104983' AS DateTime2))
INSERT [dbo].[banners] ([id], [background_color], [button_link], [button_text], [created_at], [description], [end_date], [image_key], [image_url], [is_active], [position], [sort_order], [start_date], [subtitle], [text_color], [title], [updated_at]) VALUES (8, N'#FFFFFF', NULL, NULL, CAST(N'2026-03-17T00:05:54.3738213' AS DateTime2), NULL, CAST(N'2027-10-16T17:05:00.0000000' AS DateTime2), N'banners/gearvn-ban-phim-sub-banner-t1-26.png', N'https://pub-dd1bef83e9814f348c1ea975cca22e4f.r2.dev/elechoshop/others/7ccb6bfd-7c2e-435b-91ff-78ee5bc89059_gearvn-ban-phim-sub-banner-t1-26.png', 1, N'RIGHT_TOP', 0, CAST(N'2026-03-15T17:05:00.0000000' AS DateTime2), NULL, N'#000000', NULL, CAST(N'2026-03-17T00:05:54.3738213' AS DateTime2))
INSERT [dbo].[banners] ([id], [background_color], [button_link], [button_text], [created_at], [description], [end_date], [image_key], [image_url], [is_active], [position], [sort_order], [start_date], [subtitle], [text_color], [title], [updated_at]) VALUES (9, N'#FFFFFF', NULL, NULL, CAST(N'2026-03-17T00:06:15.8668804' AS DateTime2), NULL, CAST(N'2027-06-16T17:06:00.0000000' AS DateTime2), N'banners/gearvn-chuot-gaming-sub-banner-t1-26.png', N'https://pub-dd1bef83e9814f348c1ea975cca22e4f.r2.dev/elechoshop/others/c4195313-0bbc-4d46-9b47-6e01502199eb_gearvn-chuot-gaming-sub-banner-t1-26.png', 1, N'RIGHT_BOTTOM', 0, CAST(N'2026-03-15T17:06:00.0000000' AS DateTime2), NULL, N'#000000', NULL, CAST(N'2026-03-17T00:06:15.8668804' AS DateTime2))
SET IDENTITY_INSERT [dbo].[banners] OFF
GO
SET IDENTITY_INSERT [dbo].[daily_statistic] ON

INSERT [dbo].[daily_statistic] ([id], [active_products_snapshot], [new_customers], [statistic_date], [total_customers_snapshot], [total_orders], [total_revenue]) VALUES (1, 0, 1, CAST(N'2026-03-16' AS Date), 6, 1, CAST(0.00 AS Numeric(38, 2)))
INSERT [dbo].[daily_statistic] ([id], [active_products_snapshot], [new_customers], [statistic_date], [total_customers_snapshot], [total_orders], [total_revenue]) VALUES (2, 0, 0, CAST(N'2026-03-15' AS Date), 6, 0, CAST(0.00 AS Numeric(38, 2)))
INSERT [dbo].[daily_statistic] ([id], [active_products_snapshot], [new_customers], [statistic_date], [total_customers_snapshot], [total_orders], [total_revenue]) VALUES (3, 0, 0, CAST(N'2026-03-17' AS Date), 6, 0, CAST(0.00 AS Numeric(38, 2)))
SET IDENTITY_INSERT [dbo].[daily_statistic] OFF
GO

